-- MySQL dump 10.16  Distrib 10.1.25-MariaDB, for Linux (x86_64)
--
-- Host: localhost    Database: u323617141_pet
-- ------------------------------------------------------
-- Server version	10.1.25-MariaDB

/*!40101 SET @OLD_CHARACTER_SET_CLIENT=@@CHARACTER_SET_CLIENT */;
/*!40101 SET @OLD_CHARACTER_SET_RESULTS=@@CHARACTER_SET_RESULTS */;
/*!40101 SET @OLD_COLLATION_CONNECTION=@@COLLATION_CONNECTION */;
/*!40101 SET NAMES utf8 */;
/*!40103 SET @OLD_TIME_ZONE=@@TIME_ZONE */;
/*!40103 SET TIME_ZONE='+00:00' */;
/*!40014 SET @OLD_UNIQUE_CHECKS=@@UNIQUE_CHECKS, UNIQUE_CHECKS=0 */;
/*!40014 SET @OLD_FOREIGN_KEY_CHECKS=@@FOREIGN_KEY_CHECKS, FOREIGN_KEY_CHECKS=0 */;
/*!40101 SET @OLD_SQL_MODE=@@SQL_MODE, SQL_MODE='NO_AUTO_VALUE_ON_ZERO' */;
/*!40111 SET @OLD_SQL_NOTES=@@SQL_NOTES, SQL_NOTES=0 */;

--
-- Temporary table structure for view `list_hotels_view`
--

DROP TABLE IF EXISTS `list_hotels_view`;
/*!50001 DROP VIEW IF EXISTS `list_hotels_view`*/;
SET @saved_cs_client     = @@character_set_client;
SET character_set_client = utf8;
/*!50001 CREATE TABLE `list_hotels_view` (
  `code_hotel` tinyint NOT NULL,
  `name` tinyint NOT NULL,
  `price` tinyint NOT NULL,
  `cover_image` tinyint NOT NULL,
  `latitude` tinyint NOT NULL,
  `longitude` tinyint NOT NULL,
  `ratings` tinyint NOT NULL,
  `rating` tinyint NOT NULL,
  `comments` tinyint NOT NULL
) ENGINE=MyISAM */;
SET character_set_client = @saved_cs_client;

--
-- Table structure for table `oauth_access_tokens`
--

DROP TABLE IF EXISTS `oauth_access_tokens`;
/*!40101 SET @saved_cs_client     = @@character_set_client */;
/*!40101 SET character_set_client = utf8 */;
CREATE TABLE `oauth_access_tokens` (
  `access_token` mediumblob NOT NULL,
  `client_id` varchar(80) NOT NULL,
  `user_id` varchar(255) DEFAULT NULL,
  `expires` timestamp NOT NULL DEFAULT CURRENT_TIMESTAMP ON UPDATE CURRENT_TIMESTAMP,
  `scope` varchar(2000) DEFAULT NULL
) ENGINE=InnoDB DEFAULT CHARSET=utf8;
/*!40101 SET character_set_client = @saved_cs_client */;

--
-- Dumping data for table `oauth_access_tokens`
--

/*!40000 ALTER TABLE `oauth_access_tokens` DISABLE KEYS */;
INSERT INTO `oauth_access_tokens` VALUES ('eyJ0eXAiOiJKV1QiLCJhbGciOiJSUzI1NiJ9.eyJpZCI6IjNmOTcwMjM4NDkyZDBkNzE1ZDkxY2Y1ZmNmNWYyODcxZGQwYmY5OGQiLCJqdGkiOiIzZjk3MDIzODQ5MmQwZDcxNWQ5MWNmNWZjZjVmMjg3MWRkMGJmOThkIiwiaXNzIjoiIiwiYXVkIjoiQVNmOGVlMFNhOGFuZiIsInN1YiI6ImRpZWZmZXJzb24uc3RzQGdtYWlsLmNvbSIsImV4cCI6MTUwNDI2OTg2OSwiaWF0IjoxNTA0MjY2MjY5LCJ0b2tlbl90eXBlIjoiYmVhcmVyIiwic2NvcGUiOm51bGx9.iGAFtE6glSJmW6BD-7FlyrsQDMxeGHU60WlDMI-k8E9WA1b7nHCNmxd43YL8d6rgq1zaw4v6izIxd-P_Q1MiAgVvse6W4jBEgg3W8mZ9so8ClIxsfvx4hoYlk8EEPxg7fBih9uKiDN44k1s7R8QF7PQF0qPZ1vkcSzcCeiDLTOMyb5jPZqfLIBIPwkVS1Gq4RAQqlXVv59H1et13IlcmjZFiTfPVQ0DScBTDBfSZzEGrJYD3caqkuYQCR2SZdpzJTbpLs8V4yjMiLkc_61AW7bXZLNo-72mipjfd1NyntlDq-3-TXlgzfIFR0O3BEbFMyuhknenFL3Y64FrcdG9HHQ','ASf8ee0Sa8anf','diefferson.sts@gmail.com','2017-09-01 12:44:29',NULL),('eyJ0eXAiOiJKV1QiLCJhbGciOiJSUzI1NiJ9.eyJpZCI6ImM5MWM5NzczZWMxNmFhMGE2NTgxOTUyNWJmYjUyZDE1ZWI1Nzk5YmIiLCJqdGkiOiJjOTFjOTc3M2VjMTZhYTBhNjU4MTk1MjViZmI1MmQxNWViNTc5OWJiIiwiaXNzIjoiIiwiYXVkIjoiQVNmOGVlMFNhOGFuZiIsInN1YiI6ImRpZWZmZXJzb24uc3RzQGdtYWlsLmNvbSIsImV4cCI6MTUwNDI2OTg3MSwiaWF0IjoxNTA0MjY2MjcxLCJ0b2tlbl90eXBlIjoiYmVhcmVyIiwic2NvcGUiOm51bGx9.KhY0n40h6iyncJWwMR41P5y-muIdaxlYMMEMC9HhrIglybiKbr4t86Gm-HW2WeyoEF6C5ZFNoXc19bJcD39J7SnJkpKXvDeCE5m-SsbPPaL5L8vSGpBw32Rn435TaHSyiorPCtqGpegUTkO9Ar-ZFGbfgJdWku2KOXH02Q8YBMFGHOO9aPUuWTxkXkuZPTIDONcOHRPZ7YSWoZ2Uvf2cGAqP6Z1fMjtbfladETNC1yDHowEbGiBzrKoRyj_kBjVeGGxrrr8MdAUSm4_VFTIEe_OnHbKVGrhoIB0XaOC_4lnz7MPKwNOUrZMQkOTQYblFZ0Iebtb3T4KYcMYwdu567w','ASf8ee0Sa8anf','diefferson.sts@gmail.com','2017-09-01 12:44:31',NULL),('eyJ0eXAiOiJKV1QiLCJhbGciOiJSUzI1NiJ9.eyJpZCI6ImEwZjhiN2Y4YTk1NDFmNTNmZTZhNDE2Y2ZjNmE5NzkwYzA5MjRkMjYiLCJqdGkiOiJhMGY4YjdmOGE5NTQxZjUzZmU2YTQxNmNmYzZhOTc5MGMwOTI0ZDI2IiwiaXNzIjoiIiwiYXVkIjoiQVNmOGVlMFNhOGFuZiIsInN1YiI6ImRpZWZmZXJzb24uc3RzQGdtYWlsLmNvbSIsImV4cCI6MTUwNDI2OTg3MiwiaWF0IjoxNTA0MjY2MjcyLCJ0b2tlbl90eXBlIjoiYmVhcmVyIiwic2NvcGUiOm51bGx9.G4uyti8sivm5pABx_QdfHo1Il1Goe_nFhK_e3Oh0YkzR3fkjXFPiyKStQVHu-2S1nt88C3c70dtoB-5MoULHrgfAnfU5U-vbFSDQ-W9CM8pOsOiggHLvvdEYPTDkWq7b3NlVKnRuYa6X2TwGXzBVyqL1rVBPzP3kVa5fnEvwvZfSY7x8ptVcTavBM1CTxSzoI1OekE7Mf4Fmj5y7iaNiXa65BVuIJsKFe0IRhfll7DPSghhGkh_ETWjw7tPMjxj9toO9Ms8CMnl3gTSLYpTDOPFRzxbFdVR1K31y5qhF7dXs5tESJh8Dv9R6NIuORLOIeESOn4UrX-_V_e7LGqj3Gw','ASf8ee0Sa8anf','diefferson.sts@gmail.com','2017-09-01 12:44:32',NULL),('eyJ0eXAiOiJKV1QiLCJhbGciOiJSUzI1NiJ9.eyJpZCI6IjUwMGFjNTAzNTgxYzg2MmEyYTEyNGJjYWE1MjAxNGMyYzcyZjBlZDciLCJqdGkiOiI1MDBhYzUwMzU4MWM4NjJhMmExMjRiY2FhNTIwMTRjMmM3MmYwZWQ3IiwiaXNzIjoiIiwiYXVkIjoiQVNmOGVlMFNhOGFuZiIsInN1YiI6ImRpZWZmZXJzb24uc3RzQGdtYWlsLmNvbSIsImV4cCI6MTUwNDI2OTg3MywiaWF0IjoxNTA0MjY2MjczLCJ0b2tlbl90eXBlIjoiYmVhcmVyIiwic2NvcGUiOm51bGx9.tzI6TnUhEAMlj-Fgy4nYp4DxCam2Aw40LhsgfTnGPyhSCUe3j0B7GRinAkbmdEuGd1RPgmDkTDEr3FITv4DkR7i-uscG5p6m6fzZcWlc8fioWboBZfmVBExSciBzmiSqz585xVFPDUvForUA42cI7na83LY3cfdxSkrUFfUdhV-Xu3pNWkvHVmiO5ALCob2Pb49mlIbPPAz33gC-CRdRqFKldQuC35rhHAwzWGcISeKZ9S8nR4wX6axxm2HjcZGry5a0mvo4Uurofp_iHlsYHs7wNNYzRCU6MHTqFDuekTNrSb_JplbwFvFQEjdriO-3GeG2xCXqEraO2PaXRkyfoQ','ASf8ee0Sa8anf','diefferson.sts@gmail.com','2017-09-01 12:44:33',NULL),('eyJ0eXAiOiJKV1QiLCJhbGciOiJSUzI1NiJ9.eyJpZCI6IjMzM2I4ZGFmNmZlNWFkNWFkZmU4OWJkMDg2ZGE4NjBlZWYyYjhjODQiLCJqdGkiOiIzMzNiOGRhZjZmZTVhZDVhZGZlODliZDA4NmRhODYwZWVmMmI4Yzg0IiwiaXNzIjoiIiwiYXVkIjoiQVNmOGVlMFNhOGFuZiIsInN1YiI6ImRpZWZmZXJzb24uc3RzQGdtYWlsLmNvbSIsImV4cCI6MTUwNDI2OTg3MywiaWF0IjoxNTA0MjY2MjczLCJ0b2tlbl90eXBlIjoiYmVhcmVyIiwic2NvcGUiOm51bGx9.gkk7uqZq2d_62rDsOdFk5B0NXuTfIuy-6XrGeBmNb4tBHBALE2k9ACJdFPhRCUh6qapXKelCgZxnOlraqKKZhpcU2dyELALyuYaFclboMt10b4bsFPbs1_zN_Y4G1UoINymgiCUEnACGYABD-1w7kEXRwmioBCywSnJ13SHxCYQlkT0ggh9j1C06an8kjwAc3aXVNruhrVioQgv7QNcNSJAqJIO4ClBG7TWXFPVzWiNDJNGxNRk27vw2essp9-jG74RfrOrHnrgCs4okOKIEuZotDBdA43yG-5obRUKIgQsMRon9AdGBn5kIzv4AA2Jf1SevWmTCD2dvSylD0J4TQw','ASf8ee0Sa8anf','diefferson.sts@gmail.com','2017-09-01 12:44:33',NULL),('eyJ0eXAiOiJKV1QiLCJhbGciOiJSUzI1NiJ9.eyJpZCI6Ijg1Yzc0NjViNzc0N2M1OWE0YjMzNjg4ZTJlNmMyNGE5NTZhMjIwOTAiLCJqdGkiOiI4NWM3NDY1Yjc3NDdjNTlhNGIzMzY4OGUyZTZjMjRhOTU2YTIyMDkwIiwiaXNzIjoiIiwiYXVkIjoiQVNmOGVlMFNhOGFuZiIsInN1YiI6ImRpZWZmZXJzb24uc3RzQGdtYWlsLmNvbSIsImV4cCI6MTUwNDI3MzE2OCwiaWF0IjoxNTA0MjY5NTY4LCJ0b2tlbl90eXBlIjoiYmVhcmVyIiwic2NvcGUiOm51bGx9.dmFYK00nWlSxDJGvrl9vlcfXjwjS_-dEdhYlbsNGQ1eONZVY9MDmMB6L2YEwNyH8hcMxf4QDqqfLRLBhJIeDc6lPsx8rGRh8h5Bb3XbqkBShudXmBqsvVUyD17Fgx0t-IYfqdFlwttk3v1dUjC8UdZd8nrhRLXwY7mHu1COiPJbZnQ5Ubj_5CnGEMRRCmI8fJSu5yKaKMgNTfrgTU5CdsnrV5oLJsN91S0mslCvioaLcQN9OAfT6Dbt3lc_oliVxhqimYpBmevRT7p4qEj8biRZBCk-rCLF6hJHDNfT0hkD19qA4wuj7mriRqHQlZ9H1yrnjQS-kBPxChXwn-QpP4g','ASf8ee0Sa8anf','diefferson.sts@gmail.com','2017-09-01 10:39:28',NULL),('eyJ0eXAiOiJKV1QiLCJhbGciOiJSUzI1NiJ9.eyJpZCI6ImI0MTY0M2FlYTMwMjdhZTlhODcxMThmODhiZjIwNDI1NjEwZjM2ZmYiLCJqdGkiOiJiNDE2NDNhZWEzMDI3YWU5YTg3MTE4Zjg4YmYyMDQyNTYxMGYzNmZmIiwiaXNzIjoiIiwiYXVkIjoiQVNmOGVlMFNhOGFuZiIsInN1YiI6ImRpZWZmZXJzb24uc3RzQGdtYWlsLmNvbSIsImV4cCI6MTUwNDI3MzE3MiwiaWF0IjoxNTA0MjY5NTcyLCJ0b2tlbl90eXBlIjoiYmVhcmVyIiwic2NvcGUiOm51bGx9.tF3ZHjdzMQZAns0zEFzU6ZFWqq9QHY9VAE6982NBFhIhbHpxV982BaX2eLBNr16lAeezqIosldcdo6vuWTUFMawNznQYpKy74Uc5MWnZ5pV48o20TDX5BFLK4UjleCoIv1fKcKm53V_xZllxuYul6LCo1c0yTQ0zw3wVP_Oyf41Zv4uXBkzyXD5iq9_LFB7qy40HS5zggXg1sobzbm14BcQGS1aiFxTS2_CY4-hjNm7gypREBfjrzN3R03dGjjshHHHJBFNpB-v7OiZb-N69dYFpRX1mShYa3anI_mWgtDM58vmAu80YHBzu0MRmE53kLyUJGGWIxGGJ5BjnR6lN7g','ASf8ee0Sa8anf','diefferson.sts@gmail.com','2017-09-01 10:39:32',NULL),('eyJ0eXAiOiJKV1QiLCJhbGciOiJSUzI1NiJ9.eyJpZCI6IjdhMDdjOGM3ZTVlOTZiZDViMGY0ZWFlYjFhZjA3MGJhMzk0OTJlYTkiLCJqdGkiOiI3YTA3YzhjN2U1ZTk2YmQ1YjBmNGVhZWIxYWYwNzBiYTM5NDkyZWE5IiwiaXNzIjoiIiwiYXVkIjoiQVNmOGVlMFNhOGFuZiIsInN1YiI6ImRpZWZmZXJzb24uc3RzQGdtYWlsLmNvbSIsImV4cCI6MTUwNDI4NDEyMCwiaWF0IjoxNTA0MjgwNTIwLCJ0b2tlbl90eXBlIjoiYmVhcmVyIiwic2NvcGUiOm51bGx9.oXK6LFNtvNPo8P1NDQeCmBjc9sfbcAa55NUYJHcz9mN2gzFo9760sypJJtR9xDilypP86pKTPiYAKJvYc14szczxUm_N2FJWjSc8DCBJUiC1eebWBOVcwlk3F5LnmLH0-wnqscgoWQOLo84VLsF0PJBOyaesywxYIbpfUoBbbL1uH7Rz3BA-9olB0EE_gSjQASdpl2dTO6Y7YxeZJmC_MPJLrQO4wk8f4hXDcRhcgPIbHNIZloyop7uDJlM-6f1OsUxfuWIBEogEKiOQYxhqcowP1uZXkGSnrhw3dTDCa3MBSThJv8n8ucmr1yQs7BXRAek7m5-yWhWXoWjakQ9BGQ','ASf8ee0Sa8anf','diefferson.sts@gmail.com','2017-09-01 13:42:00',NULL),('eyJ0eXAiOiJKV1QiLCJhbGciOiJSUzI1NiJ9.eyJpZCI6Ijk2YjVmNDkzMjMyNzdlY2VmZjMzNzg3MTM2ZmUxZmJlOWUyMTA4ZDYiLCJqdGkiOiI5NmI1ZjQ5MzIzMjc3ZWNlZmYzMzc4NzEzNmZlMWZiZTllMjEwOGQ2IiwiaXNzIjoiIiwiYXVkIjoiQVNmOGVlMFNhOGFuZiIsInN1YiI6ImRpZWZmZXJzb24uc3RzQGdtYWlsLmNvbSIsImV4cCI6MTUwNDU3NDcxNywiaWF0IjoxNTA0NTcxMTE3LCJ0b2tlbl90eXBlIjoiYmVhcmVyIiwic2NvcGUiOm51bGx9.KJFXiRlbNdG8NC_f419Uy14wPsz-SpwBMm008_JBvMYO2UKOebXV-fhJW9e6S61hGAo7cPwxxlxGI55Zo3X68f3FMi08677GOxUAaFywW2v63k4MsR0u0Nf1F7mc-WXK6_rR1IwGLWsHVbQHlBhsHB4RipUFt6wWSKZrcpj1A7cVZCVl0DzJI-SkgAP0w6I3ZokNMVUNJ0Xz9Mt6tKxn4qg7qGRduVv8aO9ZSpgG5kqmEpf22Ji1HlI3sqN9zxP_z1YvT5Oi82jZHDQlvbFEQHKVooHVy4VE4EBewx1P4FsFvOhXOpjj1ZNwPk7e_zOciKVSRK4kXiub9F3qCwjaUA','ASf8ee0Sa8anf','diefferson.sts@gmail.com','2017-09-04 22:25:17',NULL),('eyJ0eXAiOiJKV1QiLCJhbGciOiJSUzI1NiJ9.eyJpZCI6ImI3OTFmNDkxYTE2NzVjNGYyMWQ2ZDJiYzMxOTk5YTg5MzMyMjA0YTAiLCJqdGkiOiJiNzkxZjQ5MWExNjc1YzRmMjFkNmQyYmMzMTk5OWE4OTMzMjIwNGEwIiwiaXNzIjoiIiwiYXVkIjoiQVNmOGVlMFNhOGFuZiIsInN1YiI6ImRpZWZmZXJzb24uc3RzQGdtYWlsLmNvbSIsImV4cCI6MTUwNTE1NDU4NywiaWF0IjoxNTA1MTUwOTg3LCJ0b2tlbl90eXBlIjoiYmVhcmVyIiwic2NvcGUiOm51bGx9.QAehm8mgJzPZclnAQ45LoIMXK1IJwVIO-6NgMcmXLi3oeqZr0tGeB0wIXeRsZz8cfPMVg8Ya8n26F3fPm9kwgPM1v8_Ixil_oG2oQo-_TfnxnMiucDdHng-E8xGTfQNhw3y_tIzCii98EoMLDTAkRf6WybpwHUU_4U8cSldVoBHhxcuYjwBFP0ikS6NcZPr4kmlwXTpUDRdXrnZnjZ9gbrkwUGHO8a6hV7qIkm55Rnd5gw9GwApNV47fB8-l3oURF7m7QzyEW7cPcpbXqtFK_FewdxVb3BpbEDsIRU1_9Fcjxz6dmPH9dSjKZQpfJL6AobfPS4nTxkWpTYRsRL-vqg','ASf8ee0Sa8anf','diefferson.sts@gmail.com','2017-09-11 15:29:47',NULL),('eyJ0eXAiOiJKV1QiLCJhbGciOiJSUzI1NiJ9.eyJpZCI6ImVmMWIyY2E1NWZmOWI3ZTY4YzY3M2FiZjRmOWI3ZjE0ZmExYmFmMTgiLCJqdGkiOiJlZjFiMmNhNTVmZjliN2U2OGM2NzNhYmY0ZjliN2YxNGZhMWJhZjE4IiwiaXNzIjoiIiwiYXVkIjoiQVNmOGVlMFNhOGFuZiIsInN1YiI6ImRpZWZmZXJzb24uc3RzQGdtYWlsLmNvbSIsImV4cCI6MTUwNTE1NDU4OCwiaWF0IjoxNTA1MTUwOTg4LCJ0b2tlbl90eXBlIjoiYmVhcmVyIiwic2NvcGUiOm51bGx9.NaqE6UHSpfXjN5lstd5xwGRJiKn-h8rnqcErVELpIQ9Hx1KuuuoZcRjnF8cBLUSvlKcrjQuMskTFGnN6DYbfCkqtkzFFkca5qWf4r9AIGqmwkm2i059scvCApU6JdolwjF0jqYuI46fZ_tNcPvJj3XQ29IDLNg-8EQ_VrYpa-YomA5dsgTC81tyvsr7Iz45OseavsD6kPKvKgPReGbvqyvpcdce6ZCXTB1oRTr58v76SeVFfC_9NcNUbp8mEq_Vfm6KyChSqtHo1alB5yptsZSFNyhPfjeoufzyRDsnjOO5MxKp3RJn-wdngvR_EBaG35PzFx0a19exUYUjPweXV2w','ASf8ee0Sa8anf','diefferson.sts@gmail.com','2017-09-11 15:29:48',NULL),('eyJ0eXAiOiJKV1QiLCJhbGciOiJSUzI1NiJ9.eyJpZCI6Ijc3MDlkMGVkMWE3ZGUyMTk0OGJiODdmYzhlOTNhNWQ0YTdkMDVhZTIiLCJqdGkiOiI3NzA5ZDBlZDFhN2RlMjE5NDhiYjg3ZmM4ZTkzYTVkNGE3ZDA1YWUyIiwiaXNzIjoiIiwiYXVkIjoiQVNmOGVlMFNhOGFuZiIsInN1YiI6ImRpZWZmZXJzb24uc3RzQGdtYWlsLmNvbSIsImV4cCI6MTUwNTE1NDU5OCwiaWF0IjoxNTA1MTUwOTk4LCJ0b2tlbl90eXBlIjoiYmVhcmVyIiwic2NvcGUiOm51bGx9.vwUq7wzNk__HBoREEI_C2amBphpHglzvmRC4JFCYW88xoQKw07csV_rhsiH9_88bQrbQ9mT0qfb2VkHS9bV4swqzFw0E_EX8jxo2gkh3WCAEs1PFNAul_EZm470WELwPaV-eoAw55uGjFUJ1gQdi1B7xQLPhkOiBq6giCwPfAUFq_2kmkoc0vqEucLiW7-xI0kJ5pL8Yf_hJ-kOYSOmHYsRl6wBdgool_QRmIsB9UNcNQ169m0cZVMRrQmg2JpqKBJNTcCH5Hd0pFfrMLegRCHEQq93UQER-MgxAdKK_EzSW7HLX4h-_6l2HI0XZscol5Ds1gl8IwtKWp1q68xcU_w','ASf8ee0Sa8anf','diefferson.sts@gmail.com','2017-09-11 15:29:58',NULL),('eyJ0eXAiOiJKV1QiLCJhbGciOiJSUzI1NiJ9.eyJpZCI6Ijk5MTI2NTY3YTIxOTdlNWZhYjc5ZWNjODM2MDc3M2NhMGJmNTc5MjUiLCJqdGkiOiI5OTEyNjU2N2EyMTk3ZTVmYWI3OWVjYzgzNjA3NzNjYTBiZjU3OTI1IiwiaXNzIjoiIiwiYXVkIjoiQVNmOGVlMFNhOGFuZiIsInN1YiI6ImRpZWZmZXJzb24uc3RzQGdtYWlsLmNvbSIsImV4cCI6MTUwNTE1NDcyMywiaWF0IjoxNTA1MTUxMTIzLCJ0b2tlbl90eXBlIjoiYmVhcmVyIiwic2NvcGUiOm51bGx9.SfTcahELLGTMPgF6ARRPME6Zu_KYyATP6W_39ppYyCuQJ60KCPu2nG_zR2QKx3cuTbCU44pR0nvS8ogEep5VdH01hniaX9nmdK91I-tVYnQGn7C6-eAourHTnOW_s9rVOhQIENlPmucIDrWZ_gB7fJNaP3MTMEK2K5d0vaptrn4oKd8IOE3YutAKu5eLR5Z6RZNMjKmrOpMKsHuiY26bHd8zSUO2cupiUrNjpH4XkoXwe5BcT5sJoNS5RN5BpVl2bcfzQJ-yUPbVSx_1aOttCYNRQ_2nMfaTkVWdTZ-_JvzTOdaJa5Hva_gQ-U4VDGbeerDdqyadjFQbQUySpWHAMQ','ASf8ee0Sa8anf','diefferson.sts@gmail.com','2017-09-11 15:32:03',NULL),('eyJ0eXAiOiJKV1QiLCJhbGciOiJSUzI1NiJ9.eyJpZCI6ImI5N2ExZmU2YjM0MDZmMmJjOGUzNjAyZGFmYWNmN2NmMTU2ZmNhNWEiLCJqdGkiOiJiOTdhMWZlNmIzNDA2ZjJiYzhlMzYwMmRhZmFjZjdjZjE1NmZjYTVhIiwiaXNzIjoiIiwiYXVkIjoiQVNmOGVlMFNhOGFuZiIsInN1YiI6ImRpZWZmZXJzb24uc3RzQGdtYWlsLmNvbSIsImV4cCI6MTUwNTE1NTAxNSwiaWF0IjoxNTA1MTUxNDE1LCJ0b2tlbl90eXBlIjoiYmVhcmVyIiwic2NvcGUiOm51bGx9.sceuKMxttTh5KerABivc5DTaqXEb7V9_N9fUWJL0Q6QmojShCF7svnV7195pIH2xe0740eWYtuDmzvvKg_mMOBGekEAPJcl4VqnBMch9CZtUiudyEttKM0OF9QpUHWZDugyr7NzxX-RADMHqruPS9IY0XhZj-Jiqx-83q3StbG6qjSVPdtBnXqnU60Rnd2cgIbw3K_gO7n2mGxQMgpkzLjhLlDPh1le5fBsaPPayJ9F1ARpvBvfHKtqC6ykxAIX5MgZPGNQr3YmZUQKKe0qUM0JniST0IHdiP3YOezjwQeihYHGOMMEgIl4JnIVDyFJuZXIQyAXs7GjjG5SzpwBFfw','ASf8ee0Sa8anf','diefferson.sts@gmail.com','2017-09-11 15:36:55',NULL),('eyJ0eXAiOiJKV1QiLCJhbGciOiJSUzI1NiJ9.eyJpZCI6IjE5OTZkNjc0OWE1Y2RmMzRjYTJiODk1ODljYjljM2EzM2VhMmUwOWUiLCJqdGkiOiIxOTk2ZDY3NDlhNWNkZjM0Y2EyYjg5NTg5Y2I5YzNhMzNlYTJlMDllIiwiaXNzIjoiIiwiYXVkIjoiQVNmOGVlMFNhOGFuZiIsInN1YiI6ImRpZWZmZXJzb24uc3RzQGdtYWlsLmNvbSIsImV4cCI6MTUwNTE1NTcwMywiaWF0IjoxNTA1MTUyMTAzLCJ0b2tlbl90eXBlIjoiYmVhcmVyIiwic2NvcGUiOm51bGx9.dyP9hFHNmvqrV2H-keIWsasB1SOCKG4tLBZGT42DdkSNSUHsilFVQ9UN2dAMn5S9_hjyIekVxQmZyrxSx0egDbaJ0QjJAWOb7Dx19cn89gw2XVkrJjMpPuFtqsiFpsj3cHdTkFFwpQJQFpYJyEOpxMzMrsNHj5li1JyxDhBE2CHox-ohIL3aKgWbwrcZEuPx319dZfXh5KR3MzrvH8GErZ8FVoJqzwZGy9RuTiZx5mTO9DYBdpS47krp5EurjglfV1JzNE7lWwj20VQ31ffQNplOK6B4l9qw4Vu4zBP_bWffgQIcYpT28yAs0er9_EaxdzEPqljAD1X9ARvNtmV7Eg','ASf8ee0Sa8anf','diefferson.sts@gmail.com','2017-09-11 15:48:23',NULL),('eyJ0eXAiOiJKV1QiLCJhbGciOiJSUzI1NiJ9.eyJpZCI6IjNhNjY0MWE0OTgyMGFlYTc0YWE5YTQ5ZTQ0NTMwMzVhNWE2NTFiNWUiLCJqdGkiOiIzYTY2NDFhNDk4MjBhZWE3NGFhOWE0OWU0NDUzMDM1YTVhNjUxYjVlIiwiaXNzIjoiIiwiYXVkIjoiQVNmOGVlMFNhOGFuZiIsInN1YiI6ImRpZWZmZXJzb24uc3RzQGdtYWlsLmNvbSIsImV4cCI6MTUwNTc2NTY3MiwiaWF0IjoxNTA1NzYyMDcyLCJ0b2tlbl90eXBlIjoiYmVhcmVyIiwic2NvcGUiOm51bGx9.WB1rCXBxxHbOakxnXZ4a66Whe91UlBiZXMTw2ROeo8WXa-WgFXCSJ2kchqfFd24JUMIxyHhIOHd2Z9aP9B5nD6q_0T0LGAlBCpS-qkuNXpZ2-n3Fm9hnpGPXykPXao7lRAk_Ge8RHnqWZuWd4t6H_jO9h9DroMDlI6ffuKiCWH96kf2tBxwuwFUG4RnhCHZRHgTCFL1Fc7PHKCmQTlLD9daCvgZ_g8J4XMjXh663iDMFACHlCvXmvgwB4j3sXu9ZnrAGxiCYQIgaAbon-72VPvZeJ2EB-qTfeOUeYUgtIZsfkQx6Nxd5rDxBGp47DgWQCIaI34H93HJoMDFj5YZ7jw','ASf8ee0Sa8anf','diefferson.sts@gmail.com','2017-09-18 17:14:32',NULL),('eyJ0eXAiOiJKV1QiLCJhbGciOiJSUzI1NiJ9.eyJpZCI6ImIxMzFiZjg3NDQ0YTNmMjgzY2U3NDg0MTBhMmFkNjdiODcxNjRjZTIiLCJqdGkiOiJiMTMxYmY4NzQ0NGEzZjI4M2NlNzQ4NDEwYTJhZDY3Yjg3MTY0Y2UyIiwiaXNzIjoiIiwiYXVkIjoiQVNmOGVlMFNhOGFuZiIsInN1YiI6ImRpZWZmZXJzb24uc3RzQGdtYWlsLmNvbSIsImV4cCI6MTUwNTc2NTY4NiwiaWF0IjoxNTA1NzYyMDg2LCJ0b2tlbl90eXBlIjoiYmVhcmVyIiwic2NvcGUiOm51bGx9.PpExV5knPE7USuQtOyKKOtxxDo55AJc-v3gl2LZBKfR26IBq2_uzWIr4k5JAbgqqoRhb3TRFxAmEt1M_ymuWlyfEuVtbgscNOIWvpsTQaHRdU3-g2c_2CGTkw_KQC6ZbKgACrJHM3fpBJniGK7jA_IVINVkw2yb0I8SvBSU5KlxCnEs_zkYTCvk9IAziu_RY9mdFHe0KkBsq6uktpm6uXb-TDjfYMLQxFxi8Po9s2eRWWjM9ZtbcQxvXHidLJBsyKLuCULyIu9GmCE7FJyRO2RA1h_x_NFJpvtNGU8oE7dzZtfmMzMk2y53vuL0RCazTzF30MhEVDkKmyZ5L3pqmxQ','ASf8ee0Sa8anf','diefferson.sts@gmail.com','2017-09-18 17:14:46',NULL),('eyJ0eXAiOiJKV1QiLCJhbGciOiJSUzI1NiJ9.eyJpZCI6IjhiZmEzODllOGNiYjc4OGQxZDZmOGEwZGZiMjZiZGY1NDliMzZkMGEiLCJqdGkiOiI4YmZhMzg5ZThjYmI3ODhkMWQ2ZjhhMGRmYjI2YmRmNTQ5YjM2ZDBhIiwiaXNzIjoiIiwiYXVkIjoiQVNmOGVlMFNhOGFuZiIsInN1YiI6ImRpZWZmZXJzb24uc3RzQGdtYWlsLmNvbSIsImV4cCI6MTUwNTc2NTY5MCwiaWF0IjoxNTA1NzYyMDkwLCJ0b2tlbl90eXBlIjoiYmVhcmVyIiwic2NvcGUiOm51bGx9.FiAv3EbIpfaC2tLTnfVeJH3uSyQMOGEdZN_ZtTQTv49VFh9LYLZElaSYzUcXmDkU8aRFmLMIMA81ZZ2jkpCXsjnofNKBjN0ZwSnvQ5YrnViY1nN4A2ms2TIBckwaFY-gEjhcL9OcQs4gz2r-PPLtzpcG9rJxlSgS77mhHrwA_5NPn09fn74a0V_ncEL_wwjSj2D5mcf41d2hhK-e3nfTKkAkgw-9zCy1q2ZpJ5mI-8SMVWEf5TTRxCmVx1Qbx6F-SUJWM11Q5xudFo-K24PALEVLDuYmW0f8tZ6prH_gkMQZDGNLC6ybc0b8VwFcvOf2gbww-ta2qIVieChhCPBYqA','ASf8ee0Sa8anf','diefferson.sts@gmail.com','2017-09-18 17:14:50',NULL),('eyJ0eXAiOiJKV1QiLCJhbGciOiJSUzI1NiJ9.eyJpZCI6IjY4NzgxYmQ5NjU1NzcxNDFjZWViZWY4NGFkMzgzMmM4NDExOTU1NTEiLCJqdGkiOiI2ODc4MWJkOTY1NTc3MTQxY2VlYmVmODRhZDM4MzJjODQxMTk1NTUxIiwiaXNzIjoiIiwiYXVkIjoiQVNmOGVlMFNhOGFuZiIsInN1YiI6ImRpZWZmZXJzb24uc3RzQGdtYWlsLmNvbSIsImV4cCI6MTUwNTc2NTY5MSwiaWF0IjoxNTA1NzYyMDkxLCJ0b2tlbl90eXBlIjoiYmVhcmVyIiwic2NvcGUiOm51bGx9.hkMhW87TFnk7nxnLQtBHuz6Cu2AZhEGwQp9sKzv4yDjs3uRMXU7caT3EMXLTeJKkAtpll0N2vUBNFw3xkl7WjnQz_LtQg1SN7pMxzRClkk6m4d2obx2qLYWJxCLb58uWUMKXj1be8XvVt-kmBAx46Gb4DleeXq8jQ-Ew0JpKGq7zniXihI5leKZZhUbnKqJthb5uxv0h4XgLm3fJOTWDZRV5_LXtG4Wb_Sk8FRTit1tVmPVUXnbrl6wfnc44YlIdngLnigOIx4X9xwaxd5gx1L98sGOvaVCfY0-oJl-2QI-DcW7-Yjw3W_aBLs-IMIb9QWNeluu5pLn8fLR76lETLg','ASf8ee0Sa8anf','diefferson.sts@gmail.com','2017-09-18 17:14:51',NULL),('eyJ0eXAiOiJKV1QiLCJhbGciOiJSUzI1NiJ9.eyJpZCI6ImJhODVlZWFhM2FlYmRiMjJjOWJiZDg3NmRmNTAyY2YyMWZhNzM5NjkiLCJqdGkiOiJiYTg1ZWVhYTNhZWJkYjIyYzliYmQ4NzZkZjUwMmNmMjFmYTczOTY5IiwiaXNzIjoiIiwiYXVkIjoiQVNmOGVlMFNhOGFuZiIsInN1YiI6ImRpZWZmZXJzb24uc3RzQGdtYWlsLmNvbSIsImV4cCI6MTUwNTc2NTY5MSwiaWF0IjoxNTA1NzYyMDkxLCJ0b2tlbl90eXBlIjoiYmVhcmVyIiwic2NvcGUiOm51bGx9.iq4QpAbFdorYIyZsZKx-y6vzkUm1rugdMCmh8o5EzI4v6jGUnTotHvwonqa27VLsMZWW9QqJK48qzmVcByjCeD0zR-pRq-CHRGeR3swO454SXysaFdtF1PfyaQ4rvdNxAy6Rp0U0BlpKllogh2TbZYnk8Nxlk4dr9ft52ljl2hLd-m6RGpNiIRExdjrr0iZ9u0PukH3ZAzIEC_5qst_n6Oj9Zv9Ta2J4V_MGhuFCjrMG7Lmz6hg7LU5AWn5xDXPFUmlDZg864yKI6hqHlxSb1AZ-JhMOoKEE_oNg6u0lEMlnXdZPa09NpV3sjoQFSNq8PbICGCKhLZfEQXFXxRasHw','ASf8ee0Sa8anf','diefferson.sts@gmail.com','2017-09-18 17:14:51',NULL),('eyJ0eXAiOiJKV1QiLCJhbGciOiJSUzI1NiJ9.eyJpZCI6ImI1ODZiMjcyNzUzN2RkMTllMmI1ZmExMzEyZDRjZDNiODM3NDE2MmYiLCJqdGkiOiJiNTg2YjI3Mjc1MzdkZDE5ZTJiNWZhMTMxMmQ0Y2QzYjgzNzQxNjJmIiwiaXNzIjoiIiwiYXVkIjoiQVNmOGVlMFNhOGFuZiIsInN1YiI6ImRpZWZmZXJzb24uc3RzQGdtYWlsLmNvbSIsImV4cCI6MTUwNTc2NTY5MSwiaWF0IjoxNTA1NzYyMDkxLCJ0b2tlbl90eXBlIjoiYmVhcmVyIiwic2NvcGUiOm51bGx9.GLzXXSLM-PN69cSgdkQeonLafnjUtX5gfq54Z35rEaQyOnfojKN3tNnSFfdESRiJJz1kbWaHz1I3IlaLrOHa9AbZtgYSrC2u7cC4SkCymqDQoKf_NPQ69e2bwVjiYLL36DuHwKyG143PHz8Czer16xP-RNYJu48cplfAH5VflTGpHzMGASXPBEwoXjKauvQsfYAm01aD40XRc2GOw0InfOnOHV0m9xDvHE59VYroEtypYXIjEUcOBGLXAX3rHUrO8zBOGXe8NJLzAKQjL5vQZmbpYt26ldk9nD5YLZHEPbxj1iAfNAGO8_WRUm50FwcuXJxiI-13SPi-N0Euczb-BA','ASf8ee0Sa8anf','diefferson.sts@gmail.com','2017-09-18 17:14:51',NULL),('eyJ0eXAiOiJKV1QiLCJhbGciOiJSUzI1NiJ9.eyJpZCI6IjdiZDQ1ZDBkNTk2Y2NiNTRjMjk5YzRhMDcxZTdjNWE3YzY0NGEzNjUiLCJqdGkiOiI3YmQ0NWQwZDU5NmNjYjU0YzI5OWM0YTA3MWU3YzVhN2M2NDRhMzY1IiwiaXNzIjoiIiwiYXVkIjoiQVNmOGVlMFNhOGFuZiIsInN1YiI6ImRpZWZmZXJzb24uc3RzQGdtYWlsLmNvbSIsImV4cCI6MTUwNTc2NTcyNiwiaWF0IjoxNTA1NzYyMTI2LCJ0b2tlbl90eXBlIjoiYmVhcmVyIiwic2NvcGUiOm51bGx9.G1kxOHATLaTedvKMXjHxHQxxHLyBdMLijA-YQyr0crlaN1VUVpZXCES9tl6m-lsMODKC0XSrIzLJTPDk1-iQrMKQbFf8tzhuAtXCeoLyz3gOmUou_xr11JgI2iLTq8oWghqqvFx9bGfS6BQiMAGAWGlBqN_wuxj0hg8JAyFzJjVZGug_ODTIO4wt4M-BZwpgzTPvrll3A5Qj0lVoavDGture7TYH4vQ3-Ab6eR7gs91jk7z5486bXWb3bK1SNF-GrwHHKxrgRL2n-i5RHpVgOy_46-q61gsf9f-EcZbrPzR3DaRTjqFsvlshKd-sbS7lvn40CloaJCXuQWGnehXRhA','ASf8ee0Sa8anf','diefferson.sts@gmail.com','2017-09-18 17:15:26',NULL),('eyJ0eXAiOiJKV1QiLCJhbGciOiJSUzI1NiJ9.eyJpZCI6IjNiYTI3NmUyY2NiMDIwOGEzMmVmZmRjMWU1NjUzMjdlMjdlNjQ0ZGEiLCJqdGkiOiIzYmEyNzZlMmNjYjAyMDhhMzJlZmZkYzFlNTY1MzI3ZTI3ZTY0NGRhIiwiaXNzIjoiIiwiYXVkIjoiQVNmOGVlMFNhOGFuZiIsInN1YiI6ImRpZWZmZXJzb24uc3RzQGdtYWlsLmNvbSIsImV4cCI6MTUwNTc2NjY3MiwiaWF0IjoxNTA1NzYzMDcyLCJ0b2tlbl90eXBlIjoiYmVhcmVyIiwic2NvcGUiOm51bGx9.svpqxzyb-Lk4rarOH6mPy66Wx9EdAyCcWKXuflj-kq2-WUG7qawmoiK5L6C5QtbKCNJ0FkzDd7LJE-X7VgJRHPeAEoFTnD6ZoXRAVIArPTW9Ypdw_LXtucZALUOHtDGsZy2RmSr5Irr8PspcJ1NLeHIQ2UK5uYcqiUvkhbBKc1Vz4BpZRm24ia4dAYPUMNkncwTE2BvhzFzgNFSkIdgBnYsyypTx5XTUMeCNfNiFtYGQXcTb59UrkpKr1YJfM71lMaKnsK1WYm8ZSfqKny0iQuF50n-6BVJo3cmV09EDEL9tKZdqIDD0U9TQ2FeyLaBgM7F2FQrji2Axzp7yhD2IsA','ASf8ee0Sa8anf','diefferson.sts@gmail.com','2017-09-18 17:31:12',NULL),('eyJ0eXAiOiJKV1QiLCJhbGciOiJSUzI1NiJ9.eyJpZCI6ImYxODdkNmQ3NDQ1YmYyYjRmNjFhNTRkZDFjYmQ5ZTc0ODRiNDdhMjYiLCJqdGkiOiJmMTg3ZDZkNzQ0NWJmMmI0ZjYxYTU0ZGQxY2JkOWU3NDg0YjQ3YTI2IiwiaXNzIjoiIiwiYXVkIjoiQVNmOGVlMFNhOGFuZiIsInN1YiI6InRlc3RlY2VsdWxhckB0ZXN0ZS5jb20iLCJleHAiOjE1MDU3ODA1MjUsImlhdCI6MTUwNTc3NjkyNSwidG9rZW5fdHlwZSI6ImJlYXJlciIsInNjb3BlIjpudWxsfQ.vQREZw2WkwUNHt3-QxjelrvK46T0jDI2KpF0cBbPE50ZY-Q72O2YI5YOrrvxzdgJDC-q2yv3x3hyjIhk3EKkNnbLdDzI6NOGd_JdXng-txGT6ZrWdjcVcmKDG9k-gNIBYnawJWZbZ3XZTq5TjjSpFUFo0s0nRoR55Pv32KW2eic_abTm0fUH8S9mEuDHKmQBiX8bOcRxSdybA3vkmYBkGSLPBe8dMF3XdalkZoCLGUmHcbElHIy-s6F0FBaGdBnal6cTJaXeF3itwc3L3ZLvWjXDNbiU9zBeMPT6SWKoW-xKmV4wni2JMiaclWIOeuZ97Eel1y3yL7dbvVC8_bGHrQ','ASf8ee0Sa8anf','testecelular@teste.com','2017-09-18 21:22:05',NULL),('eyJ0eXAiOiJKV1QiLCJhbGciOiJSUzI1NiJ9.eyJpZCI6Ijg3MThjOGQ1OGNjZDY3N2Q2MWJhZGNiMTZiZjc0YmYzYTRiMmIyMTUiLCJqdGkiOiI4NzE4YzhkNThjY2Q2NzdkNjFiYWRjYjE2YmY3NGJmM2E0YjJiMjE1IiwiaXNzIjoiIiwiYXVkIjoiQVNmOGVlMFNhOGFuZiIsInN1YiI6ImRpZWZmZXJzb24uc3RzQGdtYWlsLmNvbSIsImV4cCI6MTUwNTgzNjczNiwiaWF0IjoxNTA1ODMzMTM2LCJ0b2tlbl90eXBlIjoiYmVhcmVyIiwic2NvcGUiOm51bGx9.wC-WF8pktdvQR1417GwPHmA8eP-V-JQwDAy_ynkbN-gyp8i4h9QsNU6a4mXnjzfoTETGypvS7iJdnj3S1Myk9BDTAa8WUDWRsVpaOndZr9ceuRdwo-xmmyXmE4UPqMljiWHk47QgJEXx4S9ONtUi0rDlFuxdQjSwBxPtJF5s52-kLDSOzmPWaOxGLH_nLDSCHYBxUJWmiVUL-SFG-EZ0X6gMuMebEpJ-QMcKdSplCpmxFlUno_UiPQzhNurKF0Yoa1Yal_GWSmNbzRy7JC4roUfpvR-F7VZ9J6eACQczAU2A2-jI8oIxI3eRprFVrasakHAf4iE5Ons5OCPe5DObwg','ASf8ee0Sa8anf','diefferson.sts@gmail.com','2017-09-19 12:58:56',NULL),('eyJ0eXAiOiJKV1QiLCJhbGciOiJSUzI1NiJ9.eyJpZCI6IjBhZDBhNGQ4OTdmYTNmMzJhYWQ3YWU4NzgxMTE5NDNmODllMTUxNDUiLCJqdGkiOiIwYWQwYTRkODk3ZmEzZjMyYWFkN2FlODc4MTExOTQzZjg5ZTE1MTQ1IiwiaXNzIjoiIiwiYXVkIjoiQVNmOGVlMFNhOGFuZiIsInN1YiI6ImRpZWZmZXJzb24uc3RzQGdtYWlsLmNvbSIsImV4cCI6MTUwNTk1NDE5OCwiaWF0IjoxNTA1OTUwNTk4LCJ0b2tlbl90eXBlIjoiYmVhcmVyIiwic2NvcGUiOm51bGx9.cNq-UOk4UfKeKUtktPG07eL5gmr1X5xp9e7lDEU7CVnvvcQzUrdEw8Bwi-1XifFXJX0fL7yx2KYYuCm8rI_bZ45s6PUqibdUFQgM-oJkUVnOGceoYTg0l1WyjlxWxiieA8XL9SJARsgzfFCCjy1wlB3gGsK8GQrnqGV_i8PMSU8sf-8w01HnAvMFESGy-1ywYpR_p06hgOr5qC1IieY3Xl39y-5Xw9HFrEgt2ceAIx-3PSQ4PKCePVa5CxOd53SO0Zn9lwVKLX-UDW0welYVcBJ_qvz1b54P6dsExU0lEfvCoo6p9wGr8ngldvmKeg17_1x1ziyepdv3s5zTpDRsBw','ASf8ee0Sa8anf','diefferson.sts@gmail.com','2017-09-20 21:36:38',NULL),('eyJ0eXAiOiJKV1QiLCJhbGciOiJSUzI1NiJ9.eyJpZCI6IjM2MGU1MzlmZjFiYzg4MzlhMjU0Mzc5NzI1NDc4MTM0N2NhNGQwZWYiLCJqdGkiOiIzNjBlNTM5ZmYxYmM4ODM5YTI1NDM3OTcyNTQ3ODEzNDdjYTRkMGVmIiwiaXNzIjoiIiwiYXVkIjoiQVNmOGVlMFNhOGFuZiIsInN1YiI6ImRpZWZmZXJzb24uc3RzQGdtYWlsLmNvbSIsImV4cCI6MTUwNjM0MjM1NiwiaWF0IjoxNTA2MzM4NzU2LCJ0b2tlbl90eXBlIjoiYmVhcmVyIiwic2NvcGUiOm51bGx9.YsXfK7hFJiQ5EKJUkFt2ep9F3YRJWszU6AQXmv13vDLxUtRKBM0iU7l9e8s473us3jMZhYMRrKVjIiMFlCcA4jEir0hl3Qq5jvvVNYpLEsFjk0Af2pawMG5lfccwqc7DhTcNrQZ56rpXFgsylPZkRzdWmPW4Q9Whfn-hzxT8UbP7xwLKNVChwzhplcIUymIp4DfXGGU7d8VaHz_ipgqQbF3xJe2NVNweeRGaswskrvQb0zNzkdkGYyfUJ8Rmy2NjVGDodPg_c2yfmNzxXW6jGp-J68apLjh0klA0v10QmrqFdouohNdm2LuiR_L2YJqqZfQNvZo9H0gfQ4ZRd1VOlA','ASf8ee0Sa8anf','diefferson.sts@gmail.com','2017-09-25 09:25:56',NULL),('eyJ0eXAiOiJKV1QiLCJhbGciOiJSUzI1NiJ9.eyJpZCI6IjQxNTk2YzBmMjNhMTdiOWIzNTRkZTA4YWJkOTcyZmFiOWRkMTRlODciLCJqdGkiOiI0MTU5NmMwZjIzYTE3YjliMzU0ZGUwOGFiZDk3MmZhYjlkZDE0ZTg3IiwiaXNzIjoiIiwiYXVkIjoiQVNmOGVlMFNhOGFuZiIsInN1YiI6InRlc3RlIiwiZXhwIjoxNTA2MzQzOTk2LCJpYXQiOjE1MDYzNDAzOTYsInRva2VuX3R5cGUiOiJiZWFyZXIiLCJzY29wZSI6bnVsbH0.uNFjWrO7HJOkr-7LqM9ySkm1NDJebYLB3IidwRng3S0ZchMcfGtyh-QFjFVjSEDqfruSt4ZQ6ThFs9NMQ_s8FpfhhmJ9cbDp8x-gySuSkphQgfgs8gWM2nfXJ3Jcnw8Y_73STSrXCJ7JOXWdM3lGNaT7LE7sWrDZmiTuTHbZFZilJL09q4JrB4iWZ7vr2Un3GgOnov1dubSFwoQHA3QQ8zWaftdUM5hV97lMpArN1MhkI5zT5mk7kLDlt2l0Yhy3UxZTM-_knhAGE0oN8l0qvL_rY7yYatKFTs0cQcyMVwwjM_HDLORJ9BMHnYvjLKS1hbfhVLPLvUaeduIv7Ahb5g','ASf8ee0Sa8anf','teste','2017-09-25 09:53:16',NULL),('eyJ0eXAiOiJKV1QiLCJhbGciOiJSUzI1NiJ9.eyJpZCI6IjAxMGM0YTkyMjA4ODJhODZiODNhZjBhNTA0NzEwOTY4NTMyMjNlNDYiLCJqdGkiOiIwMTBjNGE5MjIwODgyYTg2YjgzYWYwYTUwNDcxMDk2ODUzMjIzZTQ2IiwiaXNzIjoiIiwiYXVkIjoiQVNmOGVlMFNhOGFuZiIsInN1YiI6InRlc3RlIiwiZXhwIjoxNTA2MzQ0MTUwLCJpYXQiOjE1MDYzNDA1NTAsInRva2VuX3R5cGUiOiJiZWFyZXIiLCJzY29wZSI6bnVsbH0.tmhxD1L1Tl7K0k7NBhaubqbHGorPhQbCZ3Pa6ltbb32ooklarigrJyhFcYnf8g2ZJ09fGfbOvrszIHH2_ZYl2LlqqGbF1mCmRP4RZZY-7HQWM1Wi-aKGMsDLG8h6sJyXB3w9Fgw8ZQVdeio4NnWIyyAIZ1yGNure66WrCZ-Xoh-2-wvfBHwAKq1jbtWWETFAnP2D5pjRraDFZjyJUss0HrBVu40Xsg66-2hj9ypC0lZXJVU3zmY5IqIoKJ6KdlrHprIuNHyVYqMhJtt4K2J12HvYJmKUzBRahVObGsNLNhfMBgn2pCNg10jODufXoTptrHugjzqEFL2DEW6TqM_Ukw','ASf8ee0Sa8anf','teste','2017-09-25 09:55:50',NULL),('eyJ0eXAiOiJKV1QiLCJhbGciOiJSUzI1NiJ9.eyJpZCI6ImMyMDllY2RkOWExODExNGVlMzk5NjY2YzVmYzIwYmY4ZjIyOWUyMmIiLCJqdGkiOiJjMjA5ZWNkZDlhMTgxMTRlZTM5OTY2NmM1ZmMyMGJmOGYyMjllMjJiIiwiaXNzIjoiIiwiYXVkIjoiQVNmOGVlMFNhOGFuZiIsInN1YiI6ImRpZWZmZXJzb24uc3RzQGdtYWlsLmNvbSIsImV4cCI6MTUwNzE2NjY3MiwiaWF0IjoxNTA3MTYzMDcyLCJ0b2tlbl90eXBlIjoiYmVhcmVyIiwic2NvcGUiOm51bGx9.ch8a5p-ay_Rtg6679MFjaqGcjllUj6njM0iJtri4CSCAUjxObmbiHe0OZ_I5BP9wj72TFeishvJUBuU5jzz_zukOgP53ahQ7GGi54Lc1Nk7AvDv4gj4oqeKBUoQzqMuyjIYlzN2u-n4bDSrSUXAUbqwcAJh_jlnA4KD1mrQB_fyCUtnqd6tlU4EiCDvIJycz-n2Mqi23B3a9pcAufbSNLqZLGSpHZw-g_4OCN-wd0NXyTyLNj6DJYSAAHQlxTdK43zWbYd1vXlJzhZYu1QmsXjvGy6fJaz973Ak6-4lDbjg7fhmKi8jGRAZi_yDKjs8yJdtS2e60ftZ4uMVO-jxPXg','ASf8ee0Sa8anf','diefferson.sts@gmail.com','2017-10-04 22:24:32',NULL),('eyJ0eXAiOiJKV1QiLCJhbGciOiJSUzI1NiJ9.eyJpZCI6IjQzM2VjYTUyZThkY2E4MzVkN2JhMTYyNzE5OGFhYjgxNzAzMDk4ZjIiLCJqdGkiOiI0MzNlY2E1MmU4ZGNhODM1ZDdiYTE2MjcxOThhYWI4MTcwMzA5OGYyIiwiaXNzIjoiIiwiYXVkIjoiQVNmOGVlMFNhOGFuZiIsInN1YiI6ImRpZWZmZXJzb24uc3RzQGdtYWlsLmNvbSIsImV4cCI6MTUwNzE2NzEwOSwiaWF0IjoxNTA3MTYzNTA5LCJ0b2tlbl90eXBlIjoiYmVhcmVyIiwic2NvcGUiOm51bGx9.vdYKYHiBmI75S-UlQQ8Wrt9pTB29G-KlF9dhFhIPAP8bB-NotB4ty37E61SzHQQJ4llIZZXUDUAN16QEmwZNFX1OrE0UOhG113AKb9jhS8VLuBVHBZPJwvlLm91Q5sP0UZf8qH1iSLgVPmd4cSmRVwosiNj7JAerJlN2PHeHdtYvP9tegchJzXoCfkItCpONLhRUiYxZPZsPDtO_mm4R3FoimNY-xif5qN0oPnwG0hZRqV-k9OxWlbRSizzj4cXWS1y9k2hAzNX3oygNKYSbNJhhUGaATS6AzZRr7b4RDZcR2bHLQi-AgoblOYw20J7n2dm7j1CiavQkKsG4nhXOTQ','ASf8ee0Sa8anf','diefferson.sts@gmail.com','2017-10-04 22:31:49',NULL),('eyJ0eXAiOiJKV1QiLCJhbGciOiJSUzI1NiJ9.eyJpZCI6IjBiOTVmMzYyMjllYjE3NmRjNmZlY2UxZjZmNTgyM2UwZGZmMzU2ODYiLCJqdGkiOiIwYjk1ZjM2MjI5ZWIxNzZkYzZmZWNlMWY2ZjU4MjNlMGRmZjM1Njg2IiwiaXNzIjoiIiwiYXVkIjoiQVNmOGVlMFNhOGFuZiIsInN1YiI6ImRpZWZmZXJzb24uc3RzQGdtYWlsLmNvbSIsImV4cCI6MTUwNzU4Mjc4MCwiaWF0IjoxNTA3NTc5MTgwLCJ0b2tlbl90eXBlIjoiYmVhcmVyIiwic2NvcGUiOm51bGx9.uuVyUi1Sv2ImqYIiX1uoV_3fnyfloh4Q7xtq-dg-hGrN5CBezHk8M3BZ74rqkqttM2Zb3lGSUPWJtzmMIA7ZLNIag1DoCavUWSw89RDPYpZtU2QPrM20crN6qA1xCw3dK5D0DuGVbyS6rsh-ypa2D8LjWoWVOyx9Aueue2CX4OsOD41-yXzJhd468hDpAdK7KGooqS2YnN7s7a1_LJdrpavm3NxiD9UMgsz0BuVK1Bt01NPL2cMuQwJM-xYEkh9RU6pOpG8uk98mXoeGngF3kiGLOBxs1HrisVLLBA7LjeAvqI5w0Owq1Smfp0QR82-P03l6bzAydzr5DvLmNBvsJw','ASf8ee0Sa8anf','diefferson.sts@gmail.com','2017-10-09 17:59:40',NULL),('eyJ0eXAiOiJKV1QiLCJhbGciOiJSUzI1NiJ9.eyJpZCI6Ijk2OGIyMGE2MTYyNzEwNjIxZDVlMDIxMTVkMjlmNWJmMDIzYjJhOTQiLCJqdGkiOiI5NjhiMjBhNjE2MjcxMDYyMWQ1ZTAyMTE1ZDI5ZjViZjAyM2IyYTk0IiwiaXNzIjoiIiwiYXVkIjoiQVNmOGVlMFNhOGFuZiIsInN1YiI6ImRpZWZmZXJzb24uc3RzQGdtYWlsLmNvbSIsImV4cCI6MTUwNzU4NDU1MCwiaWF0IjoxNTA3NTgwOTUwLCJ0b2tlbl90eXBlIjoiYmVhcmVyIiwic2NvcGUiOm51bGx9.H7ObSMscyndMBdG0534As_ACwQqWvxxCz5JTy2QtYpFIUIjqvJ8koWIXRNumCJuDgVjcjs-U0SvGZhoNILUpG2BFulF0y6b5CMneKUgkRupv6fufaUR_20jGJ7H7LKsSRF7UHsmkgvlMCi-EdWcQw14RW6bpbZ9NWOdWFBWgPBrU62KlIfWOExIPh0sRhXWLsUNBwXWwpVOm9ZJsGeSSIshBOgmCuU5SKB5wyhuffJDy_bYQ7dZY4dNFDQmx6nrtP91E2zraQ6s6p5kj5tGZmDHCvcY5WG7BWUzCzOoXgZDwcjAVd-QAG7r5xF_t6NffGaLixKZYssGmJhQ3gfSTGw','ASf8ee0Sa8anf','diefferson.sts@gmail.com','2017-10-09 18:29:10',NULL),('eyJ0eXAiOiJKV1QiLCJhbGciOiJSUzI1NiJ9.eyJpZCI6IjFmZTFmZjNlZWE5M2Y4YjliZjFkMGYwNmRkODBkMGUxZDQ3NTljM2UiLCJqdGkiOiIxZmUxZmYzZWVhOTNmOGI5YmYxZDBmMDZkZDgwZDBlMWQ0NzU5YzNlIiwiaXNzIjoiIiwiYXVkIjoiQVNmOGVlMFNhOGFuZiIsInN1YiI6ImRpZWZmZXJzb24uc3RzQGdtYWlsLmNvbSIsImV4cCI6MTUwNzU4NDU5OSwiaWF0IjoxNTA3NTgwOTk5LCJ0b2tlbl90eXBlIjoiYmVhcmVyIiwic2NvcGUiOm51bGx9.kAyKAD1Yu7gW_YrPFtVGilsgwVAqSPjQroU0w2JK6u6e9ELIbd2TyNv2A5QaxMiv3slhFA78H9IHpHF0-yRr4k94It30QqwgSWLsoMaHw0MBzjzn9NtumlSF-Ju0kJOdIKEdzg8qHaNf6iVnzTtRabIx6McAfEfm-xaKpq-JeRTyO534jPIVxEPSowS_0ZeUqIEQdiCn9PF0vka-LlcCt6zl0MmbGYFWBFPSB0-RA4eNXlIRm3zJTEWYsg8_6b3lnPVvD80Mf756CTYLnbQ6OXovGApCIuheYg8JKVhu8obOXdY7MP0EyvwQW2n2KxR6iXjaNpknfL7Y4OohfWxvsw','ASf8ee0Sa8anf','diefferson.sts@gmail.com','2017-10-09 18:29:59',NULL),('eyJ0eXAiOiJKV1QiLCJhbGciOiJSUzI1NiJ9.eyJpZCI6IjY4MjQ0NzU0YjMyNmY4MzIyNmEyMzEwNWNmNTgxMjlkNDgyMTE4Y2QiLCJqdGkiOiI2ODI0NDc1NGIzMjZmODMyMjZhMjMxMDVjZjU4MTI5ZDQ4MjExOGNkIiwiaXNzIjoiIiwiYXVkIjoiQVNmOGVlMFNhOGFuZiIsInN1YiI6ImRpZWZmZXJzb24uc3RzQGdtYWlsLmNvbSIsImV4cCI6MTUwNzU4NDYyMCwiaWF0IjoxNTA3NTgxMDIwLCJ0b2tlbl90eXBlIjoiYmVhcmVyIiwic2NvcGUiOm51bGx9.EtLj-s2oDDioTDAQP49BFVFO9ZgiYo11BWPH8kXb2kHNVLOYYTdi15e0SIXaJYhURofGMVVI5Ut4I4lNgE2Jxq6i7k59FVUn3eSuhJ6ZP8IaguLHYh1jBWGs0PEQyhBbbjz30qqJHi5Cfpk_pii989oJ_FyiVO4HyocRLuOJaOs_aYyOAouwvGz5drw_q08-FvMrmOQ2CAU1lf_VOsq95CDeQbvvvDDXfO-_eJkMRrUSZy-YGdh7Wcs_w9SBQ1MuAdODGl3akX2KjIe8swqS161GqpkAGo_T7nyZY2qjvbhtBSPuT0CIE9dVjFfhlVrBEu4mOOvIC7kP5y-wOGXN_w','ASf8ee0Sa8anf','diefferson.sts@gmail.com','2017-10-09 18:30:20',NULL),('eyJ0eXAiOiJKV1QiLCJhbGciOiJSUzI1NiJ9.eyJpZCI6Ijk1MzA3OTZiMWExOTY4M2UzYjQ0YmFiYThlMmIwNjYxOGY3Y2M1ZTIiLCJqdGkiOiI5NTMwNzk2YjFhMTk2ODNlM2I0NGJhYmE4ZTJiMDY2MThmN2NjNWUyIiwiaXNzIjoiIiwiYXVkIjoiQVNmOGVlMFNhOGFuZiIsInN1YiI6ImRpZWZmZXJzb24uc3RzQGdtYWlsLmNvbSIsImV4cCI6MTUwNzYwMDQ0MywiaWF0IjoxNTA3NTk2ODQzLCJ0b2tlbl90eXBlIjoiYmVhcmVyIiwic2NvcGUiOm51bGx9.sEB4xuYlH4K4C8d81OsUDoV2v5VFyDcKzSL_jxvrEf2AybWW49YYKhAelGOG16dMHVa8PmIjbfX7N1I_V9mRchr_kSkzdqUe-pMDS-f5id6Fg0RUa7KkG-syL4wh8EvUqQwEDCeVT5qe-09RwKcFo4OmaJLkFhh_6wjH4TLbA3HRdcuvic1bDLdXBFjnUsUyY_G5UTboH8MSNVTQv9ghMgioeLgb_ylnQqof9WoW64_2o2EaaB60BXEPQnS0xaEjHvXMD6Fj7TL4xdN306COwUm-42dizYMi3m1EWW8hoe-9x5L7z1uBXKGe4rLpWmTR44X93dDbnnQickEeETG4PQ','ASf8ee0Sa8anf','diefferson.sts@gmail.com','2017-10-09 22:54:03',NULL),('eyJ0eXAiOiJKV1QiLCJhbGciOiJSUzI1NiJ9.eyJpZCI6IjY0ZDRiNjNhOGJkMDE3ZGFlMTBkNzBjNGI5ODBkNDkwZDliMTIwZTUiLCJqdGkiOiI2NGQ0YjYzYThiZDAxN2RhZTEwZDcwYzRiOTgwZDQ5MGQ5YjEyMGU1IiwiaXNzIjoiIiwiYXVkIjoiQVNmOGVlMFNhOGFuZiIsInN1YiI6InJhbW9zcnMiLCJleHAiOjE1MDc2MDA2MTEsImlhdCI6MTUwNzU5NzAxMSwidG9rZW5fdHlwZSI6ImJlYXJlciIsInNjb3BlIjpudWxsfQ.iei2Sl4OdRiV1ZOTlY9QE1cDHWQO0wjENCHBztVoKdJa1pM4i19N2SQbZE9r1stll2ENx51K_6NlRUEt4jSadR2ATLiicyjEoYLCP5UlEK1IbATRTtdkm4WMWj9epH4_fYt7yBmC-B-6pmUDvKWtgE2_bamOrmM1_-mIDpR6NUL_vjP91bTVsm33wsV1J49Gq7P_SRdhVQkmPHodsx-hhWRSAI1KtCT-X56LlySLpZ3CQaP-K6_Ts65vzJW_YY-3k88I95nUaT8YsyFlPHzq_iRr5fpZbtDvCnOfsl0jRWkW_qOotTiu-mFALYyvhMyXDqje9tl12kYq9aqAht8tLA','ASf8ee0Sa8anf','ramosrs','2017-10-09 22:56:51',NULL);
/*!40000 ALTER TABLE `oauth_access_tokens` ENABLE KEYS */;

--
-- Table structure for table `oauth_authorization_codes`
--

DROP TABLE IF EXISTS `oauth_authorization_codes`;
/*!40101 SET @saved_cs_client     = @@character_set_client */;
/*!40101 SET character_set_client = utf8 */;
CREATE TABLE `oauth_authorization_codes` (
  `authorization_code` varchar(40) NOT NULL,
  `client_id` varchar(80) NOT NULL,
  `user_id` varchar(255) DEFAULT NULL,
  `redirect_uri` varchar(2000) NOT NULL,
  `expires` timestamp NOT NULL DEFAULT CURRENT_TIMESTAMP ON UPDATE CURRENT_TIMESTAMP,
  `scope` varchar(2000) DEFAULT NULL,
  PRIMARY KEY (`authorization_code`)
) ENGINE=InnoDB DEFAULT CHARSET=utf8;
/*!40101 SET character_set_client = @saved_cs_client */;

--
-- Dumping data for table `oauth_authorization_codes`
--

/*!40000 ALTER TABLE `oauth_authorization_codes` DISABLE KEYS */;
/*!40000 ALTER TABLE `oauth_authorization_codes` ENABLE KEYS */;

--
-- Table structure for table `oauth_clients`
--

DROP TABLE IF EXISTS `oauth_clients`;
/*!40101 SET @saved_cs_client     = @@character_set_client */;
/*!40101 SET character_set_client = utf8 */;
CREATE TABLE `oauth_clients` (
  `client_id` varchar(80) NOT NULL,
  `client_secret` varchar(80) NOT NULL,
  `redirect_uri` varchar(2000) NOT NULL,
  PRIMARY KEY (`client_id`)
) ENGINE=InnoDB DEFAULT CHARSET=utf8;
/*!40101 SET character_set_client = @saved_cs_client */;

--
-- Dumping data for table `oauth_clients`
--

/*!40000 ALTER TABLE `oauth_clients` DISABLE KEYS */;
INSERT INTO `oauth_clients` VALUES ('ASf8ee0Sa8anf','laksdfasaco892','http://fake/');
/*!40000 ALTER TABLE `oauth_clients` ENABLE KEYS */;

--
-- Table structure for table `oauth_jwt`
--

DROP TABLE IF EXISTS `oauth_jwt`;
/*!40101 SET @saved_cs_client     = @@character_set_client */;
/*!40101 SET character_set_client = utf8 */;
CREATE TABLE `oauth_jwt` (
  `client_id` varchar(80) NOT NULL,
  `subject` varchar(80) DEFAULT NULL,
  `public_key` varchar(2000) NOT NULL
) ENGINE=InnoDB DEFAULT CHARSET=utf8;
/*!40101 SET character_set_client = @saved_cs_client */;

--
-- Dumping data for table `oauth_jwt`
--

/*!40000 ALTER TABLE `oauth_jwt` DISABLE KEYS */;
/*!40000 ALTER TABLE `oauth_jwt` ENABLE KEYS */;

--
-- Table structure for table `oauth_public_keys`
--

DROP TABLE IF EXISTS `oauth_public_keys`;
/*!40101 SET @saved_cs_client     = @@character_set_client */;
/*!40101 SET character_set_client = utf8 */;
CREATE TABLE `oauth_public_keys` (
  `client_id` varchar(80) DEFAULT NULL,
  `public_key` varchar(8000) DEFAULT NULL,
  `private_key` varchar(8000) DEFAULT NULL,
  `encryption_algorithm` varchar(80) DEFAULT 'RS256'
) ENGINE=InnoDB DEFAULT CHARSET=utf8;
/*!40101 SET character_set_client = @saved_cs_client */;

--
-- Dumping data for table `oauth_public_keys`
--

/*!40000 ALTER TABLE `oauth_public_keys` DISABLE KEYS */;
INSERT INTO `oauth_public_keys` VALUES ('ASf8ee0Sa8anf','-----BEGIN PUBLIC KEY-----\nMIIBIjANBgkqhkiG9w0BAQEFAAOCAQ8AMIIBCgKCAQEAxFXaBpVSfThAOGo/qhH7\nbvJAwgVqRQpcN/dRjw5nno45xU3BZrx29k1tI0blHYfDVr8mVPV7goEimV/SBQps\nngRxO8vb+gCHPS6uHGVlhb68d/ceAFy8YIBqxUQ53CXY7Ba8VOG7F+Nr+exI8F8F\nZ1Hxy8kxqU1N1fW8XQbIBbYCfgl8miwsJajAeadBDok2mo6ZBgTpVCuzeiDeZ4Bz\n13yttemaRe6cP4uuTzWjss5YFr0BP2OqFAtmbgzW+SfYIk2CEMOL3K5ULeFIO6rl\nWdzgc46oU60UlMDtlVYp5IUTceUGsA1yA6Avfa3kJIHdHc2hoMmz8l7DbzWevRyK\npQIDAQAB\n-----END PUBLIC KEY-----\n','-----BEGIN RSA PRIVATE KEY-----\nMIIEowIBAAKCAQEAxFXaBpVSfThAOGo/qhH7bvJAwgVqRQpcN/dRjw5nno45xU3B\nZrx29k1tI0blHYfDVr8mVPV7goEimV/SBQpsngRxO8vb+gCHPS6uHGVlhb68d/ce\nAFy8YIBqxUQ53CXY7Ba8VOG7F+Nr+exI8F8FZ1Hxy8kxqU1N1fW8XQbIBbYCfgl8\nmiwsJajAeadBDok2mo6ZBgTpVCuzeiDeZ4Bz13yttemaRe6cP4uuTzWjss5YFr0B\nP2OqFAtmbgzW+SfYIk2CEMOL3K5ULeFIO6rlWdzgc46oU60UlMDtlVYp5IUTceUG\nsA1yA6Avfa3kJIHdHc2hoMmz8l7DbzWevRyKpQIDAQABAoIBAAzRqi2Z3Evuu0qz\nrTp2eBszWAUTA3BEj+bbkAiuIRfaI219eS4zCfVk8sZF37nA3oEwc9lCOfE4a0Dm\nX7kSiCr9EUOdONym4i2deaLDABDudjHDAcN2SppmaBI/NSPpmLM5fMxx/Jw/rhIg\nWlbPbXPkhswOc96g/H8Gz2ing7HTphYQjf+GGyE0aVyD6yLbepeUKir4sTOU1tNW\nfu5n4wCKDClSy3ZZHVrtnTKgkjSI284bK54gw7beceiciSW2GOWkuS8q7r48f0K7\ndaYzeAUILiBBbn9dlcDWK/A7/ejY8Imo7jmJdSvblncxZOvM7yS9gK3kntSk7HBi\nRfhnzXUCgYEA8N1t1NQBs+t3NWctydCMnsrfCp22HxY6tvPY8Z9hxhL5fp0zTiaq\nlahuK57gpAWL0De2HFbb8TUuYj9LmYBrnlX3ZCehDGqRJLYUJXjpeoW9CZftGHDm\nyFnRkuPfPd0pI2P4r+l1+d8k9ss+1i32VbnFCRGlc12jZ2wEo8P4M9MCgYEA0Kwd\nxoU/T2gbu3oEtEd2X7/3Poe5sMyRDy4TnraZ9TxIgvOuiFwD9/1r4F0RC5N4eXR5\n9Uh4S9PnzGuh2Giv3XDS3deohArWj0wVn5SP3gaL7/WQDCilzfhKyJI9LiWzUm8d\nOX4KWs7xa596HaBId1EW7eif/b0Cm8UMWFKY1KcCgYBz5iiGQ2l6WLAo2zgWJyqy\n8e13H0JWHQ0toZJfWZDjjZfOC/h2/3YPw1cX2EBBzIVlMJmJc2Yr36otDkXjW/7s\n1nLPF56P6etjXdW93juCgD3hEuC8ZP83oriMVOfDzdqQs/cjNlRVYsFXm57l0oH4\n6AXegkY5h/IrvrdQ0ehpjwKBgCD/1wWZ9NUd5aTUOwI3euTReswMsrTe5OG9q6Sh\nw98gVWdAGg2+X3JMRU8J6LQn8hli7hZ4C24SaMnPC50pkQY33WDvxdp7zEqFAbZm\nzAmUh3S/JLSHiRD1fv4RAlPV6nHS2JBK+mA58bvPUIR24H7d9/5Pl12NEmiH1Nfy\n1/BpAoGBAO3jsjTS0xdzr5Wz/F73NOea2q+/ZbOROTjP7ZKLkMEoXErEUbw/8Kw1\n05YlntkEE4fIKQjlhxP9raMQ4NdSu0on6LFOYTMQ0bfbYvIGkr+NVvxzTrZNs2MS\nfeJMyB2MHmWq5TXE+J8mBfIdynT7YY7S8EEqs7+BEUcrRzaPM533\n-----END RSA PRIVATE KEY-----\n','RS256');
/*!40000 ALTER TABLE `oauth_public_keys` ENABLE KEYS */;

--
-- Table structure for table `oauth_refresh_tokens`
--

DROP TABLE IF EXISTS `oauth_refresh_tokens`;
/*!40101 SET @saved_cs_client     = @@character_set_client */;
/*!40101 SET character_set_client = utf8 */;
CREATE TABLE `oauth_refresh_tokens` (
  `refresh_token` varchar(40) NOT NULL,
  `client_id` varchar(80) NOT NULL,
  `user_id` varchar(255) DEFAULT NULL,
  `expires` timestamp NOT NULL DEFAULT CURRENT_TIMESTAMP ON UPDATE CURRENT_TIMESTAMP,
  `scope` varchar(2000) DEFAULT NULL,
  PRIMARY KEY (`refresh_token`)
) ENGINE=InnoDB DEFAULT CHARSET=utf8;
/*!40101 SET character_set_client = @saved_cs_client */;

--
-- Dumping data for table `oauth_refresh_tokens`
--

/*!40000 ALTER TABLE `oauth_refresh_tokens` DISABLE KEYS */;
INSERT INTO `oauth_refresh_tokens` VALUES ('007708cf5a473f2fbb7a8b704b334b504f93a86a','ASf8ee0Sa8anf','diefferson.sts@gmail.com','2017-09-18 21:25:17',NULL),('008fe155c9fb7e741d1332c92eb2a9da50bc0818','ASf8ee0Sa8anf','ramosrs','2017-10-23 22:56:51',NULL),('12e26bb47f2c995a51410294d60267ef374b6c89','ASf8ee0Sa8anf','testuser','2017-09-12 02:37:36',NULL),('169003e98a176a323674bfcc694f893494b67ab1','ASf8ee0Sa8anf','diefferson.sts@gmail.com','2017-09-12 15:06:34',NULL),('17628e568745bc13c02e3df9b9fce1dd716f6b1e','ASf8ee0Sa8anf','teste@email.com','2017-09-12 21:11:27',NULL),('17aa62c8df788d688b01fd027d2d9210bb7b4f38','ASf8ee0Sa8anf','testuser','2017-09-12 02:28:18',NULL),('1dff00990350f38697495d012c9d3dc254504f5d','ASf8ee0Sa8anf','diefferson.sts@gmail.com','2017-10-02 16:15:26',NULL),('1f30bd1385a51623c3828218cc64b324abb464ba','ASf8ee0Sa8anf','testuser','2017-09-12 03:57:12',NULL),('2ea84beca02e20af4beb2ad9f5b0913e6a7059fe','ASf8ee0Sa8anf','teste@email.com','2017-09-12 21:13:06',NULL),('35002b7a36b33468c04397da96f77a7e4b6dcbe5','ASf8ee0Sa8anf','testuser','2017-09-12 03:56:01',NULL),('36ad90c2644b157e9453c7594a95ce68c721bd8c','ASf8ee0Sa8anf','testuser','2017-09-12 14:04:16',NULL),('474e147b9c74bc4c1f66eb67c4a7b689ce0c0bb4','ASf8ee0Sa8anf','testuser','2017-09-12 03:56:20',NULL),('4a418d1684af6865c061215baceaab8b70df6218','ASf8ee0Sa8anf','diefferson.sts@gmail.com','2017-09-25 14:29:58',NULL),('4ef83cef3d3ccf4425ca322c19e3e61b2fb45fd0','ASf8ee0Sa8anf','testuser','2017-09-12 02:34:46',NULL),('5104deacf19c7ef80a7d01894cbc90818e8b89cc','ASf8ee0Sa8anf','testuser','2017-09-12 03:46:21',NULL),('56a3fb6f70bbe2353e30231de603129210486e17','ASf8ee0Sa8anf','teste','2017-10-09 08:53:16',NULL),('57e22bd4d8d77f5e64af3f6c78c27e7a093db857','ASf8ee0Sa8anf','testuser','2017-09-12 14:52:01',NULL),('5c31e7bc5692b8cf8ef84bf0c13a06a2496f4ca8','ASf8ee0Sa8anf','diefferson.sts@gmail.com','2017-10-02 16:14:32',NULL),('5ee9bf623ba5015be9089cca1a6d57e7a0d17be3','ASf8ee0Sa8anf','teste','2017-10-09 08:55:50',NULL),('608bda3503509814d0edb7068f8d8dc40e862725','ASf8ee0Sa8anf','diefferson.sts@gmail.com','2017-09-25 14:36:55',NULL),('68a032a9b05826ddb94f1969906de93a445b0dc2','ASf8ee0Sa8anf','diefferson.sts@gmail.com','2017-09-15 11:44:31',NULL),('6ca883293e92a2a62b2514c75ea76b6a168b1aad','ASf8ee0Sa8anf','testuser','2017-09-12 03:40:33',NULL),('6cd17934b79e7d29b0e1a652f40ccc62779f9429','ASf8ee0Sa8anf','testuser','2017-09-12 02:39:44',NULL),('6ed42cd1f3bbe25488c71325964cbfbd4c422786','ASf8ee0Sa8anf','teste@email.com','2017-09-12 15:46:58',NULL),('6f42891b17f46d87a25b3522e889df2da0fbe754','ASf8ee0Sa8anf','teste@email.com','2017-09-12 15:47:25',NULL),('6fa911949718975d4fe701312b83d4c23b9720f9','ASf8ee0Sa8anf','teste@email.com','2017-09-12 21:12:39',NULL),('76676330c0750e311f0ad92eedec6109739d16fc','ASf8ee0Sa8anf','diefferson.sts@gmail.com','2017-09-13 14:15:11',NULL),('78a3f73a35a9bd6a42f5724943d44385cffb428e','ASf8ee0Sa8anf','testuser','2017-09-12 02:16:09',NULL),('7fffb90e0f9d9eb0b37e33ff29c1354a381ce0a1','ASf8ee0Sa8anf','diefferson.sts@gmail.com','2017-10-02 16:14:51',NULL),('81dad68cae1c2b43a3d9c0f4c17889d885b3f933','ASf8ee0Sa8anf','diefferson.sts@gmail.com','2017-09-14 03:25:54',NULL),('8759528b44f7451da113fedad9b534d4f45528d2','ASf8ee0Sa8anf','diefferson.sts@gmail.com','2017-09-15 11:44:32',NULL),('89ce4f1e04c89bd37931b2a5cdd6e131e8bcc247','ASf8ee0Sa8anf','testuser','2017-09-12 14:38:34',NULL),('8d4ca87c85bff157b70a399852ebb32b23fab1cf','ASf8ee0Sa8anf','testuser','2017-09-12 13:50:18',NULL),('904fa9f4168e98a59da3b10038b3d4e9e759f816','ASf8ee0Sa8anf','diefferson.sts@gmail.com','2017-10-02 16:14:50',NULL),('9797178b0525312372f133745140614d117a5601','ASf8ee0Sa8anf','diefferson.sts@gmail.com','2017-10-04 20:36:38',NULL),('97c0b46dddd98da214aff3d161e75ce071c1cdb4','ASf8ee0Sa8anf','diefferson.sts@gmail.com','2017-10-23 22:54:03',NULL),('9c0f82977c1881962b8115e0cb107d5ad147b72f','ASf8ee0Sa8anf','diefferson.sts@gmail.com','2017-09-15 09:39:28',NULL),('9fcbd0d0cbbdb32083b8ff542cbcf5d2761b85d2','ASf8ee0Sa8anf','diefferson.sts@gmail.com','2017-10-02 16:14:51',NULL),('ae9c7aac78fc16ed6efdfa9b87c3d06a7559dcc2','ASf8ee0Sa8anf','diefferson.sts@gmail.com','2017-09-25 14:29:48',NULL),('af398ea1b10085ed851ac74f9eb437808fcc40d4','ASf8ee0Sa8anf','testuser','2017-09-12 02:28:28',NULL),('b1366be0843018b78feff9be4f3994f8bf9667b5','ASf8ee0Sa8anf','diefferson.sts@gmail.com','2017-09-15 11:44:33',NULL),('b1939f30ad5bf5524a070cb6d2056e75b30251f8','ASf8ee0Sa8anf','diefferson.sts@gmail.com','2017-09-25 14:32:03',NULL),('bb8a16098bb3af5c32bcf4c2b830c75d3817ede0','ASf8ee0Sa8anf','diefferson.sts@gmail.com','2017-09-25 14:48:23',NULL),('c2ae944c9d44e13f095ef6cb49aeeab212185149','ASf8ee0Sa8anf','diefferson.sts@gmail.com','2017-09-13 13:28:57',NULL),('c4415cbb63ff286723039acf6035344fddbd20b3','ASf8ee0Sa8anf','testuser','2017-09-12 02:35:22',NULL),('c81e08b61cd48e01ea87f7f51949e1d7c763e40a','ASf8ee0Sa8anf','diefferson.sts@gmail.com','2017-10-09 08:25:56',NULL),('c921a400830f21c6feb5c56b1c463deecdae63e6','ASf8ee0Sa8anf','testecelular@teste.com','2017-10-02 20:22:05',NULL),('c9b6133e02c766e2275967a3b2d8b229b686d137','ASf8ee0Sa8anf','testuser','2017-09-12 02:18:18',NULL),('cc74ce3c71bcc4b5afca6e904ef454cb9daf02c2','ASf8ee0Sa8anf','diefferson.sts@gmail.com','2017-10-23 17:59:40',NULL),('cdc7a289d6f5076b11fd2bb316357550068bbcea','ASf8ee0Sa8anf','diefferson.sts@gmail.com','2017-09-25 14:29:47',NULL),('cfffcf3d97422ea86e5ffecaa9615514df09bac6','ASf8ee0Sa8anf','diefferson.sts@gmail.com','2017-10-23 18:29:10',NULL),('d1beafa1cc1ca42c5fb878428964fbf6efbe7c05','ASf8ee0Sa8anf','diefferson.sts@gmail.com','2017-10-02 16:14:51',NULL),('d3187b168d86c44c8e0e9d5f9b9a475522abfeca','ASf8ee0Sa8anf','diefferson.sts@gmail.com','2017-09-14 04:20:43',NULL),('d7b877b8e06ebc77755d7ac22b8fe28190f0f58a','ASf8ee0Sa8anf','diefferson.sts@gmail.com','2017-09-15 09:39:32',NULL),('d7c33b1658720cdfab31a282b18853a86393fdd7','ASf8ee0Sa8anf','diefferson.sts@gmail.com','2017-10-02 16:14:46',NULL),('d7ee2d852b269e1a9251b6f11c10dc8d456cab6a','ASf8ee0Sa8anf','testuser','2017-09-12 04:05:30',NULL),('d889cfdd6d9d14c81197b5966879a28376b02545','ASf8ee0Sa8anf','diefferson.sts@gmail.com','2017-09-14 03:51:55',NULL),('da1a86ea978f1beec44175505d929d3094ec5721','ASf8ee0Sa8anf','diefferson.sts@gmail.com','2017-09-15 11:44:29',NULL),('db8e2b51a7b1765c64985cab52f727c22b8564c1','ASf8ee0Sa8anf','diefferson.sts@gmail.com','2017-10-03 11:58:56',NULL),('dbb47a250ba696282846ea70ee22a0a7f00702b4','ASf8ee0Sa8anf','diefferson.sts@gmail.com','2017-10-18 22:24:32',NULL),('dcd83ff7ce3c842e55d65aa78d299250c5e2ed75','ASf8ee0Sa8anf','testuser','2017-09-12 02:37:25',NULL),('e135c2b7f7b098b305dafe935899b9480d535f1e','ASf8ee0Sa8anf','testuser','2017-09-12 02:28:38',NULL),('efe8155f4298bae52ea211207e6edc8eaefc49fe','ASf8ee0Sa8anf','diefferson.sts@gmail.com','2017-10-02 16:31:12',NULL),('f1f46997aa10b28cc38cc43a87ae35178285328a','ASf8ee0Sa8anf','diefferson.sts@gmail.com','2017-09-15 12:42:00',NULL),('f6aafce412ae0907721825ed69f59783d98bf08a','ASf8ee0Sa8anf','diefferson.sts@gmail.com','2017-09-15 11:44:33',NULL);
/*!40000 ALTER TABLE `oauth_refresh_tokens` ENABLE KEYS */;

--
-- Table structure for table `oauth_scopes`
--

DROP TABLE IF EXISTS `oauth_scopes`;
/*!40101 SET @saved_cs_client     = @@character_set_client */;
/*!40101 SET character_set_client = utf8 */;
CREATE TABLE `oauth_scopes` (
  `scope` varchar(80) NOT NULL,
  `is_default` tinyint(1) DEFAULT NULL,
  PRIMARY KEY (`scope`)
) ENGINE=InnoDB DEFAULT CHARSET=utf8;
/*!40101 SET character_set_client = @saved_cs_client */;

--
-- Dumping data for table `oauth_scopes`
--

/*!40000 ALTER TABLE `oauth_scopes` DISABLE KEYS */;
/*!40000 ALTER TABLE `oauth_scopes` ENABLE KEYS */;

--
-- Table structure for table `oauth_users`
--

DROP TABLE IF EXISTS `oauth_users`;
/*!40101 SET @saved_cs_client     = @@character_set_client */;
/*!40101 SET character_set_client = utf8 */;
CREATE TABLE `oauth_users` (
  `username` varchar(255) NOT NULL,
  `password` varchar(2000) DEFAULT NULL,
  `first_name` varchar(255) DEFAULT NULL,
  `last_name` varchar(255) DEFAULT NULL,
  PRIMARY KEY (`username`)
) ENGINE=InnoDB DEFAULT CHARSET=utf8;
/*!40101 SET character_set_client = @saved_cs_client */;

--
-- Dumping data for table `oauth_users`
--

/*!40000 ALTER TABLE `oauth_users` DISABLE KEYS */;
INSERT INTO `oauth_users` VALUES ('diefferson.sts@gmail.com','aafdc23870ecbcd3d557b6423a8982134e17927e','Diefferson','Santos'),('gsjdk','aafdc23870ecbcd3d557b6423a8982134e17927e',NULL,NULL),('ramosrs','40bd001563085fc35165329ea1ff5c5ecbdbbeef',NULL,NULL),('teste','2e6f9b0d5885b6010f9167787445617f553a735f',NULL,NULL),('teste2@email.com','fb5f1fe7ab91ec34f226281aef83fc3a20b96f51',NULL,NULL),('teste@email.com','fb5f1fe7ab91ec34f226281aef83fc3a20b96f51',NULL,NULL),('teste@teste.com','2e6f9b0d5885b6010f9167787445617f553a735f',NULL,NULL),('testecelular@teste.com','aafdc23870ecbcd3d557b6423a8982134e17927e',NULL,NULL);
/*!40000 ALTER TABLE `oauth_users` ENABLE KEYS */;

--
-- Table structure for table `tb_comment_hotel`
--

DROP TABLE IF EXISTS `tb_comment_hotel`;
/*!40101 SET @saved_cs_client     = @@character_set_client */;
/*!40101 SET character_set_client = utf8 */;
CREATE TABLE `tb_comment_hotel` (
  `code_hotel` int(11) NOT NULL,
  `code_user` int(11) NOT NULL,
  `comment` text NOT NULL,
  `date` date NOT NULL,
  KEY `fk_comentario_hotel_idx` (`code_hotel`),
  KEY `fk_comentario_usuario_idx` (`code_user`),
  CONSTRAINT `fk_comment_hotel` FOREIGN KEY (`code_hotel`) REFERENCES `tb_hotel` (`code_hotel`) ON DELETE NO ACTION ON UPDATE NO ACTION,
  CONSTRAINT `fk_comment_user` FOREIGN KEY (`code_user`) REFERENCES `tb_user` (`code_user`) ON DELETE NO ACTION ON UPDATE NO ACTION
) ENGINE=InnoDB DEFAULT CHARSET=utf8;
/*!40101 SET character_set_client = @saved_cs_client */;

--
-- Dumping data for table `tb_comment_hotel`
--

/*!40000 ALTER TABLE `tb_comment_hotel` DISABLE KEYS */;
INSERT INTO `tb_comment_hotel` VALUES (1,1,'Hotel muito bom','2017-08-24'),(1,1,'otimo atendimento','2017-03-11'),(1,1,'muito bom','2017-05-10'),(1,1,'isto é um comentario','2017-08-25'),(1,1,'isto é um novo comentario','2017-08-25'),(1,1,'isto é um novo 2 ','2017-08-25'),(1,1,'isto é um novo comentario','2017-08-26'),(1,1,'isto é um novo comentario','2017-08-28'),(5,1,'isto é um novo comentario','2017-08-28'),(5,1,'isto é um novo comentario','2017-08-28'),(5,1,'isto é um novo comentario','2017-08-28'),(5,1,'isto é um novo comentario','2017-08-28'),(5,1,'isto é um novo comentario','2017-08-28'),(10,1,'isto é um novo comentario','2017-08-28'),(10,1,'isto é um novo comentario','2017-08-28'),(10,1,'isto é um novo comentario','2017-08-28'),(10,1,'isto é um novo comentario','2017-08-28'),(10,1,'isto é um novo comentario','2017-08-29'),(10,1,'isto é um novo comentario','2017-08-29'),(10,1,'isto é um novo comentario','2017-08-29'),(11,1,'isto é um novo comentario','2017-08-29'),(11,1,'isto é um novo comentario','2017-08-29'),(11,1,'isto é um novo comentario','2017-08-29'),(20,2,'isto é um novo comentario','2017-08-29'),(18,1,'isto é um novo comentario','2017-08-30'),(18,1,'isto é um novo comentario','2017-08-30'),(8,1,'isto é um novo comentario','2017-08-30'),(8,1,'isto é um novo comentario','2017-08-30'),(8,1,'isto é um novo comentario','2017-09-01'),(2,1,'Teste comment','2017-10-09'),(1,1,'Teste de comentários','2017-10-09'),(1,1,'Novo comentário','2017-10-09'),(20,1,'Comentário','2017-10-09'),(12,1,'Hotel ok.','2017-10-09'),(11,8,'Poderia ser melhor.','2017-10-09');
/*!40000 ALTER TABLE `tb_comment_hotel` ENABLE KEYS */;

--
-- Table structure for table `tb_hotel`
--

DROP TABLE IF EXISTS `tb_hotel`;
/*!40101 SET @saved_cs_client     = @@character_set_client */;
/*!40101 SET character_set_client = utf8 */;
CREATE TABLE `tb_hotel` (
  `code_hotel` int(11) NOT NULL AUTO_INCREMENT,
  `name` varchar(100) NOT NULL,
  `email` varchar(60) NOT NULL,
  `password` varchar(45) NOT NULL,
  `address` text NOT NULL,
  `contact_email` varchar(60) NOT NULL,
  `contact_phone` varchar(20) NOT NULL,
  `longitude` varchar(45) NOT NULL,
  `latitude` varchar(45) NOT NULL,
  `cep` varchar(8) NOT NULL,
  `city` varchar(50) NOT NULL,
  `uf` varchar(2) NOT NULL,
  `status` enum('ATIVO','INATIVO','EXCLUIDO') NOT NULL DEFAULT 'ATIVO',
  `description` text NOT NULL,
  `cover_image` varchar(200) DEFAULT NULL,
  `price` decimal(5,2) DEFAULT NULL,
  PRIMARY KEY (`code_hotel`)
) ENGINE=InnoDB AUTO_INCREMENT=21 DEFAULT CHARSET=utf8;
/*!40101 SET character_set_client = @saved_cs_client */;

--
-- Dumping data for table `tb_hotel`
--

/*!40000 ALTER TABLE `tb_hotel` DISABLE KEYS */;
INSERT INTO `tb_hotel` VALUES (1,'Hotel 1','hotel1@email.com','123456','Rua teste, 35, batel','contato@hotel1.com','4133334444','-49.263738','-25.550428','81925598','curitiba','PR','ATIVO','O melhor hotel pare seu cao','http://i.imgur.com/8CEAiUC.png',30.00),(2,'Hotel 2','hotel2@email.com','123456','Rua teste, 35, batel','contato@hotel2.com','4133334444','-49.263738','-25.550428','81925598','curitiba','PR','ATIVO','O melhor hotel pare seu cao','http://i.imgur.com/8CEAiUC.png',33.00),(3,'Hotel 3','hotel3@email.com','123456','Rua teste, 35, batel','contato@hotel3.com','4133334444','-49.263738','-25.550428','81925598','curitiba','PR','ATIVO','O melhor hotel pare seu cao','http://i.imgur.com/8CEAiUC.png',35.00),(4,'Hotel 4','hotel4@email.com','123456','Rua teste, 35, batel','contato@hotel4.com','4133334444','-49.263738','-25.550428','81925598','curitiba','PR','ATIVO','O melhor hotel pare seu cao','http://i.imgur.com/8CEAiUC.png',40.00),(5,'Hotel 5','hotel5@email.com','123456','Rua teste, 35, batel','contato@hotel5.com','4133334444','-49.263738','-25.550428','81925598','curitiba','PR','ATIVO','O melhor hotel pare seu cao','http://i.imgur.com/8CEAiUC.png',42.00),(6,'Hotel 6','hotel6@email.com','123456','Rua teste, 35, batel','contato@hotel6.com','4133334444','-49.263738','-25.550428','81925598','curitiba','PR','ATIVO','O melhor hotel pare seu cao','http://i.imgur.com/8CEAiUC.png',45.00),(7,'Hotel 7','hotel7@email.com','123456','Rua teste, 35, batel','contato@hotel7.com','4133334444','-49.263738','-25.550428','81925598','curitiba','PR','ATIVO','O melhor hotel pare seu cao','http://i.imgur.com/8CEAiUC.png',50.00),(8,'Hotel 8','hotel8@email.com','123456','Rua teste, 35, batel','contato@hotel8.com','4133334444','-49.263738','-25.550428','81925598','curitiba','PR','ATIVO','O melhor hotel pare seu cao','http://i.imgur.com/8CEAiUC.png',55.00),(9,'Hotel 9','hotel9@email.com','123456','Rua teste, 35, batel','contato@hotel9.com','4133334444','-49.263738','-25.550428','81925598','curitiba','PR','ATIVO','O melhor hotel pare seu cao','http://i.imgur.com/8CEAiUC.png',42.00),(10,'Hotel 10','hotel10@email.com','123456','Rua teste, 35, batel','contato@hotel10.com','4133334444','-49.263738','-25.550428','81925598','curitiba','PR','ATIVO','O melhor hotel pare seu cao','http://i.imgur.com/8CEAiUC.png',41.00),(11,'Hotel 11','hotel11@email.com','123456','Rua teste, 35, batel','contato@hotel11.com','4133334444','-49.263738','-25.550428','81925598','curitiba','PR','ATIVO','O melhor hotel pare seu cao','http://i.imgur.com/8CEAiUC.png',33.00),(12,'Hotel 12','hotel12@email.com','123456','Rua teste, 35, batel','contato@hotel12.com','4133334444','-49.263738','-25.550428','81925598','curitiba','PR','ATIVO','O melhor hotel pare seu cao','http://i.imgur.com/8CEAiUC.png',31.00),(13,'Hotel 13','hotel13@email.com','123456','Rua teste, 35, batel','contato@hotel13.com','4133334444','-49.263738','-25.550428','81925598','curitiba','PR','ATIVO','O melhor hotel pare seu cao','http://i.imgur.com/8CEAiUC.png',32.00),(14,'Hotel 14','hotel14@email.com','123456','Rua teste, 35, batel','contato@hotel14.com','4133334444','-49.263738','-25.550428','81925598','curitiba','PR','ATIVO','O melhor hotel pare seu cao','http://i.imgur.com/8CEAiUC.png',46.00),(15,'Hotel 15','hotel15@email.com','123456','Rua teste, 35, batel','contato@hotel15.com','4133334444','-49.263738','-25.550428','81925598','curitiba','PR','ATIVO','O melhor hotel pare seu cao','http://i.imgur.com/8CEAiUC.png',33.00),(16,'Hotel 16','hotel16@email.com','123456','Rua teste, 35, batel','contato@hotel16.com','4133334444','-49.263738','-25.550428','81925598','curitiba','PR','ATIVO','O melhor hotel pare seu cao','http://i.imgur.com/8CEAiUC.png',32.00),(17,'Hotel 17','hotel17@email.com','123456','Rua teste, 35, batel','contato@hotel17.com','4133334444','-49.263738','-25.550428','81925598','curitiba','PR','ATIVO','O melhor hotel pare seu cao','http://i.imgur.com/8CEAiUC.png',34.00),(18,'Hotel 18','hotel18@email.com','123456','Rua teste, 35, batel','contato@hotel18.com','4133334444','-49.263738','-25.550428','81925598','curitiba','PR','ATIVO','O melhor hotel pare seu cao','http://i.imgur.com/8CEAiUC.png',40.00),(19,'Hotel 19','hotel19@email.com','123456','Rua teste, 35, batel','contato@hotel19.com','4133334444','-49.263738','-25.550428','81925598','curitiba','PR','ATIVO','O melhor hotel pare seu cao','http://i.imgur.com/8CEAiUC.png',42.00),(20,'Hotel 20','hotel20@email.com','123456','Rua teste, 35, batel','contato@hotel20.com','4133334444','-49.263738','-25.550428','81925598','curitiba','PR','ATIVO','O melhor hotel pare seu cao','http://i.imgur.com/8CEAiUC.png',23.00);
/*!40000 ALTER TABLE `tb_hotel` ENABLE KEYS */;

--
-- Table structure for table `tb_image_hotel`
--

DROP TABLE IF EXISTS `tb_image_hotel`;
/*!40101 SET @saved_cs_client     = @@character_set_client */;
/*!40101 SET character_set_client = utf8 */;
CREATE TABLE `tb_image_hotel` (
  `code_hotel` int(11) NOT NULL,
  `url` varchar(200) NOT NULL,
  PRIMARY KEY (`url`,`code_hotel`),
  KEY `fk_imagem_hotel_idx` (`code_hotel`),
  CONSTRAINT `fk_image_hotel` FOREIGN KEY (`code_hotel`) REFERENCES `tb_hotel` (`code_hotel`) ON DELETE NO ACTION ON UPDATE NO ACTION
) ENGINE=InnoDB DEFAULT CHARSET=utf8;
/*!40101 SET character_set_client = @saved_cs_client */;

--
-- Dumping data for table `tb_image_hotel`
--

/*!40000 ALTER TABLE `tb_image_hotel` DISABLE KEYS */;
INSERT INTO `tb_image_hotel` VALUES (1,'https://i.imgur.com/A8eQsll.jpg'),(1,'https://i.imgur.com/gtWsPu9.jpg'),(1,'https://i.imgur.com/H37kxPH.jpg');
/*!40000 ALTER TABLE `tb_image_hotel` ENABLE KEYS */;

--
-- Table structure for table `tb_rating_hotel`
--

DROP TABLE IF EXISTS `tb_rating_hotel`;
/*!40101 SET @saved_cs_client     = @@character_set_client */;
/*!40101 SET character_set_client = utf8 */;
CREATE TABLE `tb_rating_hotel` (
  `code_hotel` int(11) NOT NULL,
  `code_user` int(11) NOT NULL,
  `rating` int(11) NOT NULL,
  `date` date NOT NULL,
  KEY `fk_avaliacao_hotel_idx` (`code_hotel`),
  KEY `fk_avaliacao_usuario_idx` (`code_user`),
  CONSTRAINT `fk_rating_hotel` FOREIGN KEY (`code_hotel`) REFERENCES `tb_hotel` (`code_hotel`) ON DELETE NO ACTION ON UPDATE NO ACTION,
  CONSTRAINT `fk_rating_user` FOREIGN KEY (`code_user`) REFERENCES `tb_user` (`code_user`) ON DELETE NO ACTION ON UPDATE NO ACTION
) ENGINE=InnoDB DEFAULT CHARSET=utf8;
/*!40101 SET character_set_client = @saved_cs_client */;

--
-- Dumping data for table `tb_rating_hotel`
--

/*!40000 ALTER TABLE `tb_rating_hotel` DISABLE KEYS */;
INSERT INTO `tb_rating_hotel` VALUES (1,1,5,'2017-05-10'),(1,1,4,'2017-05-10'),(1,1,3,'2017-05-10'),(1,1,5,'2017-05-10'),(1,1,4,'2017-05-10'),(1,1,5,'2017-05-10'),(1,1,5,'2017-08-25'),(2,1,5,'2017-08-25'),(2,1,5,'2017-08-26'),(4,1,5,'2017-08-28'),(5,1,5,'2017-08-28'),(2,1,5,'2017-10-09'),(2,1,10,'2017-10-09'),(2,1,100,'2017-10-09'),(20,1,100,'2017-10-09'),(20,1,100,'2017-10-09');
/*!40000 ALTER TABLE `tb_rating_hotel` ENABLE KEYS */;

--
-- Table structure for table `tb_service`
--

DROP TABLE IF EXISTS `tb_service`;
/*!40101 SET @saved_cs_client     = @@character_set_client */;
/*!40101 SET character_set_client = utf8 */;
CREATE TABLE `tb_service` (
  `code_service` int(11) NOT NULL AUTO_INCREMENT,
  `name` varchar(45) NOT NULL,
  PRIMARY KEY (`code_service`)
) ENGINE=InnoDB AUTO_INCREMENT=3 DEFAULT CHARSET=utf8;
/*!40101 SET character_set_client = @saved_cs_client */;

--
-- Dumping data for table `tb_service`
--

/*!40000 ALTER TABLE `tb_service` DISABLE KEYS */;
INSERT INTO `tb_service` VALUES (1,'Banho e tosa'),(2,'Aplicação de Medicamentos');
/*!40000 ALTER TABLE `tb_service` ENABLE KEYS */;

--
-- Table structure for table `tb_service_hotel`
--

DROP TABLE IF EXISTS `tb_service_hotel`;
/*!40101 SET @saved_cs_client     = @@character_set_client */;
/*!40101 SET character_set_client = utf8 */;
CREATE TABLE `tb_service_hotel` (
  `code_hotel` int(11) NOT NULL,
  `code_service` int(11) NOT NULL,
  KEY `fk_servico_hotel_idx` (`code_service`),
  KEY `fk_hotel_servico_idx` (`code_hotel`),
  CONSTRAINT `fk_hotel_service` FOREIGN KEY (`code_hotel`) REFERENCES `tb_hotel` (`code_hotel`) ON DELETE NO ACTION ON UPDATE NO ACTION,
  CONSTRAINT `fk_service_hotel` FOREIGN KEY (`code_service`) REFERENCES `tb_service` (`code_service`) ON DELETE NO ACTION ON UPDATE NO ACTION
) ENGINE=InnoDB DEFAULT CHARSET=utf8;
/*!40101 SET character_set_client = @saved_cs_client */;

--
-- Dumping data for table `tb_service_hotel`
--

/*!40000 ALTER TABLE `tb_service_hotel` DISABLE KEYS */;
INSERT INTO `tb_service_hotel` VALUES (1,1),(1,2),(2,2),(3,1),(3,2),(4,2),(5,1),(6,1),(7,1),(8,1),(9,2),(10,2),(11,2);
/*!40000 ALTER TABLE `tb_service_hotel` ENABLE KEYS */;

--
-- Table structure for table `tb_user`
--

DROP TABLE IF EXISTS `tb_user`;
/*!40101 SET @saved_cs_client     = @@character_set_client */;
/*!40101 SET character_set_client = utf8 */;
CREATE TABLE `tb_user` (
  `code_user` int(11) NOT NULL AUTO_INCREMENT,
  `name` varchar(80) NOT NULL,
  `email` varchar(60) NOT NULL,
  `address` text,
  `phone` varchar(20) DEFAULT NULL,
  `avatar` varchar(200) DEFAULT NULL,
  `sex` enum('M','F') DEFAULT NULL,
  `birthday` date DEFAULT NULL,
  `cep` varchar(8) DEFAULT NULL,
  `city` varchar(50) DEFAULT NULL,
  `uf` varchar(2) DEFAULT NULL,
  `status` enum('ATIVO','INATIVO','EXCLUIDO') NOT NULL DEFAULT 'ATIVO',
  PRIMARY KEY (`code_user`),
  UNIQUE KEY `email_UNIQUE` (`email`)
) ENGINE=InnoDB AUTO_INCREMENT=9 DEFAULT CHARSET=utf8;
/*!40101 SET character_set_client = @saved_cs_client */;

--
-- Dumping data for table `tb_user`
--

/*!40000 ALTER TABLE `tb_user` DISABLE KEYS */;
INSERT INTO `tb_user` VALUES (1,'Diefferson','diefferson.sts@gmail.com','Teste de Eendereco','41333333','https://www.1plusx.com/app/mu-plugins/all-in-one-seo-pack-pro/images/default-user-image.png','M','1996-12-13','81925598','Curitiba',NULL,'ATIVO'),(2,'Julio Souza','teste@email.com',NULL,NULL,NULL,NULL,NULL,NULL,NULL,NULL,'ATIVO'),(3,'Julio Souza','teste2@email.com',NULL,NULL,NULL,NULL,NULL,NULL,NULL,NULL,'ATIVO'),(4,'teste celular','testecelular@teste.com',NULL,NULL,NULL,NULL,NULL,NULL,NULL,NULL,'ATIVO'),(5,'tetse','gsjdk',NULL,NULL,NULL,NULL,NULL,NULL,NULL,NULL,'ATIVO'),(6,'teste','teste@teste.com',NULL,NULL,NULL,NULL,NULL,NULL,NULL,NULL,'ATIVO'),(7,'teste','teste',NULL,NULL,NULL,NULL,NULL,NULL,NULL,NULL,'ATIVO'),(8,'Fernanda','ramosrs',NULL,NULL,NULL,NULL,NULL,NULL,NULL,NULL,'ATIVO');
/*!40000 ALTER TABLE `tb_user` ENABLE KEYS */;

--
-- Dumping routines for database 'u323617141_pet'
--

--
-- Final view structure for view `list_hotels_view`
--

/*!50001 DROP TABLE IF EXISTS `list_hotels_view`*/;
/*!50001 DROP VIEW IF EXISTS `list_hotels_view`*/;
/*!50001 SET @saved_cs_client          = @@character_set_client */;
/*!50001 SET @saved_cs_results         = @@character_set_results */;
/*!50001 SET @saved_col_connection     = @@collation_connection */;
/*!50001 SET character_set_client      = utf8mb4 */;
/*!50001 SET character_set_results     = utf8mb4 */;
/*!50001 SET collation_connection      = utf8mb4_unicode_ci */;
/*!50001 CREATE ALGORITHM=UNDEFINED */
/*!50001 VIEW `list_hotels_view` AS select `h`.`code_hotel` AS `code_hotel`,`h`.`name` AS `name`,`h`.`price` AS `price`,`h`.`cover_image` AS `cover_image`,`h`.`latitude` AS `latitude`,`h`.`longitude` AS `longitude`,(select count(0) from `tb_rating_hotel` where (`tb_rating_hotel`.`code_hotel` = `h`.`code_hotel`)) AS `ratings`,(select ((sum(`tb_rating_hotel`.`rating`) / count(0)) + 0) from `tb_rating_hotel` where (`tb_rating_hotel`.`code_hotel` = `h`.`code_hotel`)) AS `rating`,(select count(0) from `tb_comment_hotel` where (`tb_comment_hotel`.`code_hotel` = `h`.`code_hotel`)) AS `comments` from `tb_hotel` `h` where (`h`.`status` = 'ATIVO') */;
/*!50001 SET character_set_client      = @saved_cs_client */;
/*!50001 SET character_set_results     = @saved_cs_results */;
/*!50001 SET collation_connection      = @saved_col_connection */;
/*!40103 SET TIME_ZONE=@OLD_TIME_ZONE */;

/*!40101 SET SQL_MODE=@OLD_SQL_MODE */;
/*!40014 SET FOREIGN_KEY_CHECKS=@OLD_FOREIGN_KEY_CHECKS */;
/*!40014 SET UNIQUE_CHECKS=@OLD_UNIQUE_CHECKS */;
/*!40101 SET CHARACTER_SET_CLIENT=@OLD_CHARACTER_SET_CLIENT */;
/*!40101 SET CHARACTER_SET_RESULTS=@OLD_CHARACTER_SET_RESULTS */;
/*!40101 SET COLLATION_CONNECTION=@OLD_COLLATION_CONNECTION */;
/*!40111 SET SQL_NOTES=@OLD_SQL_NOTES */;

-- Dump completed on 2017-10-31 13:56:21
